sequence_name,identified_by,vs2_score,vs2_group,dvf_score,dvf_pvalue,consensus
contig_663,DeepVirFinder_only,,,0.1304515302181244,0.1735969484100007,False
contig_125,DeepVirFinder_only,,,0.0130407810211181,0.3241181358108618,False
contig_286,DeepVirFinder_only,,,0.7391519546508789,0.0299871591509932,False
contig_1065,DeepVirFinder_only,,,0.0567263700067997,0.2264521489538484,False
contig_697,DeepVirFinder_only,,,0.3158777356147766,0.1153032706397764,False
contig_88,DeepVirFinder_only,,,0.6699519157409668,0.0355955887906941,False
contig_942,DeepVirFinder_only,,,0.4444084465503692,0.0850139738650955,False
contig_564,DeepVirFinder_only,,,0.1210160255432128,0.1783744995845607,False
contig_1084,DeepVirFinder_only,,,0.2452071756124496,0.1335259460684341,False
contig_839,DeepVirFinder_only,,,0.3710284829139709,0.103425485308558,False
contig_889,DeepVirFinder_only,,,0.0519842095673084,0.2317584409698617,False
contig_607,DeepVirFinder_only,,,0.003820250974968,0.4125500415439233,False
contig_210,DeepVirFinder_only,,,0.0064367977902293,0.374405166553365,False
contig_106,DeepVirFinder_only,,,0.1437605321407318,0.1674220107258856,False
contig_513,DeepVirFinder_only,,,0.1922144591808319,0.1494070549135131,False
contig_634,DeepVirFinder_only,,,0.1096526905894279,0.184077347231664,False
contig_485,DeepVirFinder_only,,,0.4422161281108856,0.0855615983080293,False
contig_944,DeepVirFinder_only,,,0.0472857132554054,0.2381599818717426,False
contig_642,DeepVirFinder_only,,,0.0032303731422871,0.4248243825062316,False
contig_1024,DeepVirFinder_only,,,0.0048631927929818,0.3946295037389531,False
contig_606,DeepVirFinder_only,,,0.2577973902225494,0.1304479190271168,False
contig_806,DeepVirFinder_only,,,0.1725291013717651,0.1562618022509252,False
contig_967,DeepVirFinder_only,,,0.2699757814407348,0.1270488707606314,False
contig_285,DeepVirFinder_only,,,0.2166139185428619,0.1412115718709872,False
contig_474,DeepVirFinder_only,,,0.0761541426181793,0.206888737820077,False
contig_431,DeepVirFinder_only,,,0.0331362560391426,0.2616889493164136,False
contig_508,DeepVirFinder_only,,,0.4675107300281524,0.0784047133469295,False
contig_1165,DeepVirFinder_only,,,0.2596862316131592,0.1297492257723393,False
contig_1041,Both,1.0,dsDNAphage,0.0644728913903236,0.2176146234609864,True
contig_408,DeepVirFinder_only,,,0.0365649498999118,0.2554573608278571,False
contig_819,DeepVirFinder_only,,,0.0012200358323752,0.4947881259913891,False
contig_719,DeepVirFinder_only,,,0.0531337559223175,0.2303421708588262,False
contig_873,DeepVirFinder_only,,,0.0527492053806781,0.2308331444973185,False
contig_807,Both,0.813,dsDNAphage,0.3432032465934753,0.1092794017675051,True
contig_160,DeepVirFinder_only,,,0.1473212093114853,0.1657413701941234,False
contig_1192,DeepVirFinder_only,,,0.083297424018383,0.2009404033537276,False
contig_750,DeepVirFinder_only,,,0.001785930013284,0.4676146234609865,False
contig_38,DeepVirFinder_only,,,0.2039499878883361,0.145743636226301,False
contig_989,DeepVirFinder_only,,,0.0982204526662826,0.1905921897424276,False
contig_1052,DeepVirFinder_only,,,0.0009436497930437,0.5130296850215273,False
contig_200,DeepVirFinder_only,,,0.0187260694801807,0.2993050834655185,False
contig_17,DeepVirFinder_only,,,0.0435762330889701,0.2436739935040411,False
contig_1004,DeepVirFinder_only,,,0.1275857090950012,0.174843266107712,False
contig_260,DeepVirFinder_only,,,0.2193166613578796,0.1405695294206511,False
contig_350,DeepVirFinder_only,,,0.1143621653318405,0.1813769922199561,False
contig_194,DeepVirFinder_only,,,0.0782715231180191,0.2051136792809124,False
contig_813,DeepVirFinder_only,,,0.0003185200621373,0.586902334013143,False
contig_249,DeepVirFinder_only,,,0.5896717309951782,0.0435267014124933,False
contig_715,DeepVirFinder_only,,,0.0101707614958286,0.3427373668706095,False
contig_816,DeepVirFinder_only,,,0.1021966189146041,0.1883072739632902,False
contig_209,DeepVirFinder_only,,,0.4274901747703552,0.0898481758440969,False
contig_1196,DeepVirFinder_only,,,0.1723049581050872,0.1563184530553667,False
contig_472,DeepVirFinder_only,,,0.0182637646794319,0.3008724223883979,False
contig_648,DeepVirFinder_only,,,0.0628691464662551,0.2195785180149558,False
contig_255,DeepVirFinder_only,,,0.0078756976872682,0.360790089885943,False
contig_749,DeepVirFinder_only,,,0.2912126183509826,0.1216859279401767,False
contig_78,DeepVirFinder_only,,,0.0274536870419979,0.2738499886698391,False
contig_252,DeepVirFinder_only,,,0.0304470974951982,0.2669008233250245,False
contig_59,DeepVirFinder_only,,,0.1827463805675506,0.1529005211874008,False
contig_998,DeepVirFinder_only,,,0.0937867313623428,0.193311428355616,False
contig_1071,DeepVirFinder_only,,,0.095656618475914,0.1923105974771508,False
contig_458,DeepVirFinder_only,,,0.0100293746218085,0.3439459173653599,False
contig_580,DeepVirFinder_only,,,0.0957563370466232,0.1922539466727094,False
contig_724,DeepVirFinder_only,,,0.0126630142331123,0.3259687287559483,False
contig_464,DeepVirFinder_only,,,0.0278356745839118,0.2729058085958153,False
contig_357,DeepVirFinder_only,,,0.0600508712232112,0.2228642646725583,False
contig_451,DeepVirFinder_only,,,0.3565923273563385,0.1064846287483949,False
contig_1026,DeepVirFinder_only,,,0.1415560096502304,0.1684039580028703,False
contig_658,DeepVirFinder_only,,,0.3761013746261596,0.1022924692197295,False
contig_24,DeepVirFinder_only,,,0.0492460168898105,0.2354029760555933,False
contig_516,DeepVirFinder_only,,,0.006672853603959,0.3721013671727471,False
contig_795,DeepVirFinder_only,,,0.2525658011436462,0.1315998187174258,False
contig_842,DeepVirFinder_only,,,0.0062131332233548,0.3769355691517486,False
contig_1014,DeepVirFinder_only,,,0.0585441514849662,0.2245826724072815,False
contig_1206,DeepVirFinder_only,,,0.0701967105269432,0.2122516806405317,False
contig_265,DeepVirFinder_only,,,0.0716668143868446,0.2110053629428204,False
contig_641,DeepVirFinder_only,,,0.0256289169192314,0.2781176826044263,False
contig_993,DeepVirFinder_only,,,0.1339766383171081,0.1721429110960042,False
contig_336,DeepVirFinder_only,,,0.0711430236697197,0.2115341037842737,False
contig_769,DeepVirFinder_only,,,0.0003293163608759,0.584674069038447,False
contig_83,DeepVirFinder_only,,,0.030051339417696,0.267675050985724,False
contig_565,DeepVirFinder_only,,,0.0518079586327075,0.231966160586147,False
contig_843,DeepVirFinder_only,,,0.1531105637550354,0.163418687212025,False
contig_212,DeepVirFinder_only,,,0.3779428601264953,0.1018959135886396,False
contig_538,DeepVirFinder_only,,,0.8891814947128296,0.0185625802553062,False
contig_856,DeepVirFinder_only,,,0.0969082862138748,0.191404184606088,False
contig_537,DeepVirFinder_only,,,0.0711496323347091,0.2115341037842737,False
contig_34,DeepVirFinder_only,,,0.4063074588775635,0.0947012614245789,False
contig_735,DeepVirFinder_only,,,0.0745199173688888,0.2083427751340735,False
contig_497,DeepVirFinder_only,,,0.0315396673977375,0.2646536747488481,False
contig_459,DeepVirFinder_only,,,0.0635645315051078,0.2185588035350102,False
contig_798,DeepVirFinder_only,,,0.0646042302250862,0.2175202054535841,False
contig_48,DeepVirFinder_only,,,0.0528455078601837,0.2307198428884357,False
contig_670,DeepVirFinder_only,,,0.6210130453109741,0.0399577007326837,False
contig_878,DeepVirFinder_only,,,0.0364201255142688,0.2556839640456227,False
contig_915,DeepVirFinder_only,,,0.0694980844855308,0.2129314902938288,False
contig_676,DeepVirFinder_only,,,0.0350549221038818,0.2583087846514087,False
contig_288,DeepVirFinder_only,,,0.0369534641504287,0.2547586675730795,False
contig_206,DeepVirFinder_only,,,0.0425972491502761,0.2453924012387642,False
contig_68,DeepVirFinder_only,,,0.0378305912017822,0.2531346778457587,False
contig_243,DeepVirFinder_only,,,0.4384349286556244,0.0866568471938968,False
contig_469,DeepVirFinder_only,,,0.9157617092132568,0.0165420348968955,False
contig_366,DeepVirFinder_only,,,0.145130306482315,0.1668555026814714,False
contig_11,DeepVirFinder_only,,,0.2670909166336059,0.1276909132109676,False
contig_555,DeepVirFinder_only,,,0.0015420881099998,0.4785859959211421,False
contig_934,DeepVirFinder_only,,,0.0226854979991912,0.2861432132336279,False
contig_961,DeepVirFinder_only,,,0.0387216843664646,0.2513218521036332,False
contig_1013,DeepVirFinder_only,,,0.1780088990926742,0.1544678601102802,False
contig_1133,DeepVirFinder_only,,,0.0334064997732639,0.2612735100838432,False
contig_130,DeepVirFinder_only,,,0.0338037870824337,0.2604237480172218,False
contig_195,DeepVirFinder_only,,,0.0055912588723003,0.3847722637661455,False
contig_550,DeepVirFinder_only,,,0.1022785827517509,0.1882695067603293,False
contig_588,DeepVirFinder_only,,,0.0035211164504289,0.4184606088073117,False
contig_248,DeepVirFinder_only,,,0.0046046539209783,0.3989538484779817,False
contig_849,DeepVirFinder_only,,,0.0675684064626693,0.214649898028552,False
contig_643,DeepVirFinder_only,,,0.113471582531929,0.181849082256968,False
contig_696,DeepVirFinder_only,,,0.0008764815866015,0.5178450033990483,False
contig_1205,DeepVirFinder_only,,,0.0332945138216018,0.2614434624971674,False
contig_829,DeepVirFinder_only,,,0.239360049366951,0.1351310521942745,False
contig_91,DeepVirFinder_only,,,0.2022868692874908,0.1460835410529496,False
contig_898,DeepVirFinder_only,,,0.0273999497294425,0.2738877558728,False
contig_773,DeepVirFinder_only,,,0.0344768315553665,0.2592340811239519,False
contig_826,DeepVirFinder_only,,,0.0013234603684395,0.4889908603368834,False
contig_323,DeepVirFinder_only,,,0.5003282427787781,0.0620892816677996,False
contig_1155,Both,0.76,dsDNAphage,0.3123860657215118,0.1163796359241634,True
contig_135,DeepVirFinder_only,,,0.0124209430068731,0.3273283480625424,False
contig_1097,DeepVirFinder_only,,,0.4791045784950256,0.0743069718256665,False
contig_945,DeepVirFinder_only,,,0.1075268983840942,0.1852858977264143,False
contig_422,DeepVirFinder_only,,,0.0189915429800748,0.2983042525870534,False
contig_42,DeepVirFinder_only,,,0.0427575856447219,0.2451280308180376,False
contig_238,DeepVirFinder_only,,,0.016074875369668,0.3102953395271546,False
contig_1119,DeepVirFinder_only,,,0.7022956609725952,0.0328008157715839,False
contig_137,DeepVirFinder_only,,,0.0857578068971633,0.1989198579953168,False
contig_1176,DeepVirFinder_only,,,0.993698239326477,0.0065903769166855,False
contig_997,DeepVirFinder_only,,,0.1025139689445495,0.1881750887529269,False
contig_223,DeepVirFinder_only,,,0.0003340985858812,0.5838243069718256,False
contig_62,DeepVirFinder_only,,,0.2026447206735611,0.1459891230455472,False
contig_382,DeepVirFinder_only,,,0.0152764031663537,0.3133544829669915,False
contig_524,DeepVirFinder_only,,,0.0463039353489875,0.2396706699901805,False
contig_1195,DeepVirFinder_only,,,0.1912590414285659,0.1498602613490444,False
contig_1085,DeepVirFinder_only,,,0.3284448385238647,0.1127539844399123,False
contig_1090,DeepVirFinder_only,,,0.0347308777272701,0.2588564090943425,False
contig_463,DeepVirFinder_only,,,0.0086181918159127,0.3543507817811013,False
contig_1053,DeepVirFinder_only,,,0.1757510304450988,0.1551287861620968,False
contig_372,DeepVirFinder_only,,,0.435765266418457,0.0873177732457134,False
contig_473,DeepVirFinder_only,,,0.0010676365345716,0.5038333711005363,False
contig_21,DeepVirFinder_only,,,0.2332054376602172,0.1366983911171538,False
contig_340,DeepVirFinder_only,,,0.0521204434335231,0.231569604955057,False
contig_163,DeepVirFinder_only,,,0.146115630865097,0.1664967142533424,False
contig_104,DeepVirFinder_only,,,0.1209250465035438,0.1784122667875217,False
contig_19,DeepVirFinder_only,,,0.228434532880783,0.1380391268222675,False
contig_838,DeepVirFinder_only,,,0.1720061153173446,0.1564317546642495,False
contig_102,DeepVirFinder_only,,,0.0513268560171127,0.2326270866379635,False
contig_624,DeepVirFinder_only,,,0.0418167859315872,0.2464121157187098,False
contig_63,DeepVirFinder_only,,,0.2539815902709961,0.1311843794848553,False
contig_1142,Both,0.52,dsDNAphage,0.3721615672111511,0.1031422312863509,True
contig_290,DeepVirFinder_only,,,0.0390575006604194,0.2507364604577385,False
contig_1055,DeepVirFinder_only,,,0.2204201966524124,0.1402296245940025,False
contig_685,DeepVirFinder_only,,,0.016550512984395,0.3082747941687438,False
contig_289,DeepVirFinder_only,,,0.0474576354026794,0.2379144950524964,False
contig_205,DeepVirFinder_only,,,0.0376915112137794,0.2533990482664854,False
contig_779,Both,0.813,dsDNAphage,0.018584731966257,0.2998149407054913,True
contig_532,DeepVirFinder_only,,,0.3371358513832092,0.110827857088904,False
contig_637,DeepVirFinder_only,,,0.0397043600678443,0.2497167459777929,False
contig_698,DeepVirFinder_only,,,0.0556789301335811,0.2275662814411964,False
contig_93,DeepVirFinder_only,,,0.5137439370155334,0.0560842963970088,False
contig_1187,DeepVirFinder_only,,,0.1006372272968292,0.1891759196313921,False
contig_1016,DeepVirFinder_only,,,0.0939067974686622,0.1932358939496941,False
contig_360,DeepVirFinder_only,,,0.1725111305713653,0.1562618022509252,False
contig_407,DeepVirFinder_only,,,0.000158091992489,0.6301268978019487,False
contig_378,DeepVirFinder_only,,,0.0772306323051452,0.2058312561371705,False
contig_1082,DeepVirFinder_only,,,0.4469658732414245,0.084315280610318,False
contig_138,DeepVirFinder_only,,,0.0005367584526538,0.5516466500490974,False
contig_752,DeepVirFinder_only,,,0.24062380194664,0.1348289145705869,False
contig_1073,DeepVirFinder_only,,,0.0180253162980079,0.3018921368683435,False
contig_505,DeepVirFinder_only,,,0.0088579319417476,0.3524813052345343,False
contig_353,DeepVirFinder_only,,,0.6022359132766724,0.0420348968955359,False
contig_329,DeepVirFinder_only,,,0.0200151335448026,0.294508648689478,False
contig_9,DeepVirFinder_only,,,0.013281762599945,0.3226074476924239,False
contig_827,DeepVirFinder_only,,,0.0409803315997123,0.2479228038371478,False
contig_1087,DeepVirFinder_only,,,0.2272402942180633,0.1385301004607598,False
contig_976,DeepVirFinder_only,,,0.0396310500800609,0.2498489311881562,False
contig_476,DeepVirFinder_only,,,0.044050857424736,0.2427109298285369,False
contig_941,DeepVirFinder_only,,,0.0052304123528301,0.3897008837525493,False
contig_259,DeepVirFinder_only,,,0.0272297784686088,0.2742654279024095,False
contig_1129,DeepVirFinder_only,,,0.0481614470481872,0.2369514313769922,False
contig_937,DeepVirFinder_only,,,0.1345947831869125,0.1719540750811994,False
contig_79,DeepVirFinder_only,,,0.1049997061491012,0.1869665382581766,False
contig_284,DeepVirFinder_only,,,0.0703731551766395,0.2121194954301684,False
contig_678,DeepVirFinder_only,,,0.0497776865959167,0.2346287483948938,False
contig_759,DeepVirFinder_only,,,0.1148717179894447,0.1810182037918271,False
contig_349,DeepVirFinder_only,,,0.0466832667589187,0.2391230455472467,False
contig_712,DeepVirFinder_only,,,0.0292081497609615,0.26950676032933,False
contig_123,Both,0.713,dsDNAphage,0.0650467127561569,0.2171614170254551,True
contig_1092,DeepVirFinder_only,,,0.3126839697360992,0.1163041015182415,False
contig_959,DeepVirFinder_only,,,0.2870634794235229,0.1227056424201223,False
contig_358,DeepVirFinder_only,,,0.0021840368863195,0.4533008535387869,False
contig_1002,DeepVirFinder_only,,,0.0001614841457922,0.6287295112923937,False
contig_151,DeepVirFinder_only,,,0.1145361363887786,0.1812636906110733,False
contig_954,DeepVirFinder_only,,,0.2327037751674652,0.1368116927260367,False
contig_375,DeepVirFinder_only,,,0.0782758295536041,0.2050947956794319,False
contig_113,DeepVirFinder_only,,,0.0465173497796058,0.2394251831709343,False
contig_45,DeepVirFinder_only,,,0.1284984946250915,0.1744089432736611,False
contig_705,DeepVirFinder_only,,,0.6043432950973511,0.0417705264748092,False
contig_85,DeepVirFinder_only,,,0.1535725742578506,0.1632298511972203,False
contig_281,DeepVirFinder_only,,,0.2576838731765747,0.1304479190271168,False
contig_69,DeepVirFinder_only,,,0.2965977489948272,0.120024171009895,False
contig_986,DeepVirFinder_only,,,0.0292820297181606,0.2693934587204472,False
contig_457,DeepVirFinder_only,,,0.075764775276184,0.2073419442556084,False
contig_1152,DeepVirFinder_only,,,0.4033219218254089,0.0954566054837978,False
contig_841,DeepVirFinder_only,,,3.3292806620011106e-05,0.7218634337940932,False
contig_335,DeepVirFinder_only,,,0.2009425908327102,0.1465178638870005,False
contig_393,DeepVirFinder_only,,,0.0407465174794197,0.2482815922652768,False
contig_264,DeepVirFinder_only,,,0.041986096650362,0.2462232797039051,False
contig_158,DeepVirFinder_only,,,0.1266169846057891,0.1753720069491653,False
contig_1098,DeepVirFinder_only,,,0.6755850315093994,0.0351234987536823,False
contig_576,DeepVirFinder_only,,,0.0423142462968826,0.2457700732683737,False
contig_504,DeepVirFinder_only,,,0.3728938102722168,0.1029533952715461,False
contig_1056,DeepVirFinder_only,,,0.3298272490501404,0.1125273812221466,False
contig_870,DeepVirFinder_only,,,0.0148261683061718,0.3153372611224412,False
contig_470,DeepVirFinder_only,,,0.0506955236196517,0.2335146159075458,False
contig_974,DeepVirFinder_only,,,0.8632396459579468,0.0206397764181584,False
contig_141,DeepVirFinder_only,,,0.0572520233690738,0.2259234081123952,False
contig_271,DeepVirFinder_only,,,0.1130491346120834,0.1820756854747337,False
contig_72,DeepVirFinder_only,,,0.0184305403381586,0.3002870307425032,False
contig_690,DeepVirFinder_only,,,0.02875442430377,0.2705642420122365,False
contig_1115,DeepVirFinder_only,,,0.0653906241059303,0.2168781630032479,False
contig_434,DeepVirFinder_only,,,0.0386298261582851,0.2515106881184379,False
contig_716,DeepVirFinder_only,,,0.1060508713126182,0.1863244958078404,False
contig_792,DeepVirFinder_only,,,0.2078663855791092,0.1444973185285897,False
contig_674,DeepVirFinder_only,,,0.0505808889865875,0.2336279175164287,False
contig_27,DeepVirFinder_only,,,0.0179990343749523,0.3019676712742654,False
contig_1069,DeepVirFinder_only,,,0.0497625544667243,0.2346476319963743,False
contig_90,DeepVirFinder_only,,,0.0909480676054954,0.1953886245184681,False
contig_1156,DeepVirFinder_only,,,0.0471366383135318,0.2383299342850668,False
contig_211,DeepVirFinder_only,,,0.4801496565341949,0.0739292997960571,False
contig_222,DeepVirFinder_only,,,0.0863218680024147,0.1986177203716292,False
contig_549,DeepVirFinder_only,,,0.5291603207588196,0.052628597326082,False
contig_770,DeepVirFinder_only,,,0.6481504440307617,0.0372573457209759,False
contig_1136,DeepVirFinder_only,,,0.0814001262187957,0.2024510914721655,False
contig_307,DeepVirFinder_only,,,0.1703298091888427,0.1570737971145857,False
contig_669,DeepVirFinder_only,,,0.0500574186444282,0.2342699599667648,False
contig_454,Both,0.993,dsDNAphage,0.9485577344894408,0.0138416798851877,True
contig_691,DeepVirFinder_only,,,0.3311319649219513,0.1122252435984591,False
contig_385,DeepVirFinder_only,,,0.1976055055856704,0.1474998111639852,False
contig_847,DeepVirFinder_only,,,0.1315467804670334,0.1730870911700279,False
contig_835,DeepVirFinder_only,,,0.0034601716324687,0.4196313920991011,False
contig_787,DeepVirFinder_only,,,0.0417278707027435,0.2465820681320341,False
contig_1093,DeepVirFinder_only,,,0.1049342900514602,0.187023189062618,False
contig_996,DeepVirFinder_only,,,0.0019836567807942,0.4599101140569529,False
contig_938,DeepVirFinder_only,,,0.0232797041535377,0.2845569907092681,False
contig_987,DeepVirFinder_only,,,0.0023556330706924,0.4477113075005665,False
contig_946,DeepVirFinder_only,,,0.0152452941983938,0.3134489009743938,False
contig_161,DeepVirFinder_only,,,0.029924850910902,0.2679394214064506,False
contig_912,DeepVirFinder_only,,,0.2118132412433624,0.1431188156205151,False
contig_892,DeepVirFinder_only,,,0.0094068935140967,0.3484590981191933,False
contig_66,DeepVirFinder_only,,,0.0741090402007103,0.2086637963592416,False
contig_682,DeepVirFinder_only,,,0.0755465775728225,0.2075118966689327,False
contig_660,DeepVirFinder_only,,,0.9977915287017822,0.0048153183775209,False
contig_1175,DeepVirFinder_only,,,0.3111264109611511,0.1166440063448901,False
contig_968,DeepVirFinder_only,,,0.0348917432129383,0.2586486894780572,False
contig_377,DeepVirFinder_only,,,0.0062359878793358,0.3766523151295415,False
contig_320,DeepVirFinder_only,,,0.8264411687850952,0.0232645970239444,False
contig_1096,DeepVirFinder_only,,,0.2189338356256485,0.1405884130221315,False
contig_1153,Both,0.913,dsDNAphage,0.5708588361740112,0.0455661303723846,True
contig_699,DeepVirFinder_only,,,0.0205294322222471,0.2927335901503134,False
contig_811,DeepVirFinder_only,,,0.097152940928936,0.1911964649898028,False
contig_888,DeepVirFinder_only,,,0.0171619784086942,0.3053667195407508,False
contig_747,DeepVirFinder_only,,,0.1757271885871887,0.1551287861620968,False
contig_1049,DeepVirFinder_only,,,0.2000836282968521,0.14689553591661,False
contig_1125,DeepVirFinder_only,,,0.4702982902526855,0.0773849988669839,False
contig_175,DeepVirFinder_only,,,0.1579757630825042,0.1614736762595362,False
contig_1078,DeepVirFinder_only,,,0.2542839050292969,0.1311277286804139,False
contig_221,DeepVirFinder_only,,,0.0683393627405166,0.2138190195634111,False
contig_679,DeepVirFinder_only,,,0.1701926290988922,0.1571493315205075,False
contig_250,DeepVirFinder_only,,,0.0001870946871349,0.6194387793640003,False
contig_514,DeepVirFinder_only,,,0.2720067501068115,0.1266711987310219,False
contig_1005,DeepVirFinder_only,,,0.027983708307147,0.2726225545736083,False
contig_907,DeepVirFinder_only,,,0.0578048899769783,0.2251869476546567,False
contig_103,DeepVirFinder_only,,,0.0305154174566268,0.2667686381146612,False
contig_570,DeepVirFinder_only,,,0.0656827017664909,0.2165949089810408,False
contig_894,Both,0.66,dsDNAphage,0.3204104304313659,0.1144157413701941,True
contig_406,DeepVirFinder_only,,,0.3122193813323974,0.1163985195256439,False
contig_664,DeepVirFinder_only,,,0.0554065182805061,0.2279250698693254,False
contig_797,DeepVirFinder_only,,,0.5648655891418457,0.046378125236045,False
contig_352,DeepVirFinder_only,,,0.1519324332475662,0.163853010046076,False
contig_426,DeepVirFinder_only,,,0.4300870895385742,0.0889606465745146,False
contig_478,Both,1.0,dsDNAphage,0.2512458562850952,0.1319208399425938,True
contig_374,DeepVirFinder_only,,,0.0181149542331695,0.3014200468313316,False
contig_25,DeepVirFinder_only,,,0.0248370040208101,0.280175995165798,False
contig_858,DeepVirFinder_only,,,0.0002084315347019,0.613377143288768,False
contig_328,DeepVirFinder_only,,,0.0791059732437133,0.2043961024246544,False
contig_972,DeepVirFinder_only,,,0.0182953514158725,0.3007024699750736,False
contig_228,DeepVirFinder_only,,,0.1196798458695411,0.178941007628975,False
contig_1075,DeepVirFinder_only,,,0.0317751951515674,0.2641627011103558,False
contig_361,DeepVirFinder_only,,,0.0034389058127999,0.4201223657375935,False
contig_26,DeepVirFinder_only,,,0.1425489634275436,0.1678563335599365,False
contig_465,DeepVirFinder_only,,,0.0548582524061203,0.2285293451167006,False
contig_1040,DeepVirFinder_only,,,0.0232842341065406,0.2845569907092681,False
contig_768,DeepVirFinder_only,,,0.5778056383132935,0.0447352519072437,False
contig_144,DeepVirFinder_only,,,0.1443922519683838,0.1672142911096004,False
contig_226,DeepVirFinder_only,,,0.1932392716407776,0.1489916156809426,False
contig_627,DeepVirFinder_only,,,0.0994801521301269,0.189969030893572,False
contig_628,DeepVirFinder_only,,,8.078756764007267e-06,0.7909585316111489,False
contig_84,DeepVirFinder_only,,,0.0396899543702602,0.2497167459777929,False
contig_985,DeepVirFinder_only,,,0.0043804291635751,0.4025417327592718,False
contig_420,DeepVirFinder_only,,,0.2615846395492553,0.1290505325175617,False
contig_518,DeepVirFinder_only,,,0.2613449394702911,0.1291260669234836,False
contig_55,DeepVirFinder_only,,,0.0182372406125068,0.3009668403958003,False
contig_632,DeepVirFinder_only,,,0.05655999481678,0.2266787521716141,False
contig_729,DeepVirFinder_only,,,0.1357997804880142,0.1713686834353047,False
contig_302,DeepVirFinder_only,,,0.0174110140651464,0.3043470050608052,False
contig_1048,DeepVirFinder_only,,,0.5206822752952576,0.0543658886622856,False
contig_311,DeepVirFinder_only,,,0.0462086126208305,0.2398595060049852,False
contig_39,DeepVirFinder_only,,,0.1103934794664383,0.1836996752020545,False
contig_81,DeepVirFinder_only,,,0.051544651389122,0.2323815998187174,False
contig_168,DeepVirFinder_only,,,0.0048553049564361,0.3947805725507969,False
contig_18,DeepVirFinder_only,,,0.0449593067169189,0.2415967973411889,False
contig_1025,DeepVirFinder_only,,,0.0383676663041114,0.2518505929450865,False
contig_312,DeepVirFinder_only,,,0.2336923480033874,0.1366417403127124,False
contig_446,DeepVirFinder_only,,,0.1040232554078102,0.1874763954981494,False
contig_107,DeepVirFinder_only,,,0.4728713631629944,0.076516353198882,False
contig_314,Both,0.953,dsDNAphage,0.5539870262145996,0.0478888133544829,True
contig_494,DeepVirFinder_only,,,0.0004718246054835,0.560030969106428,False
contig_266,DeepVirFinder_only,,,0.025572519749403,0.2783631694236725,False
contig_812,DeepVirFinder_only,,,0.0028551050927489,0.4339451620213007,False
contig_608,DeepVirFinder_only,,,0.6363686323165894,0.0384847798172067,False
contig_1021,DeepVirFinder_only,,,0.245058387517929,0.1335825968728756,False
contig_788,DeepVirFinder_only,,,0.0209424793720245,0.2913928544451998,False
contig_1134,DeepVirFinder_only,,,0.1011340916156768,0.1888360148047435,False
contig_1034,DeepVirFinder_only,,,0.0433234758675098,0.2442027343454943,False
contig_171,DeepVirFinder_only,,,0.1315291076898574,0.1731248583729889,False
contig_861,DeepVirFinder_only,,,0.0168369617313146,0.3068207568547473,False
contig_919,DeepVirFinder_only,,,0.0001517529744887,0.6324118135810862,False
contig_415,DeepVirFinder_only,,,0.0353849567472934,0.257685625802553,False
contig_897,DeepVirFinder_only,,,0.3434103727340698,0.1092416345645441,False
contig_824,DeepVirFinder_only,,,0.0276939179748296,0.2732457134224639,False
contig_199,DeepVirFinder_only,,,0.4942815005779266,0.0672067376690082,False
contig_467,DeepVirFinder_only,,,0.0379537232220172,0.2527381222146688,False
contig_973,DeepVirFinder_only,,,0.0334593579173088,0.2611790920764408,False
contig_365,DeepVirFinder_only,,,0.0039001756813377,0.4110204698240048,False
contig_435,DeepVirFinder_only,,,0.0309313219040632,0.2659944104539617,False
contig_783,DeepVirFinder_only,,,0.0041937679052352,0.4055442253946673,False
contig_201,DeepVirFinder_only,,,0.3823597431182861,0.1008006647027721,False
contig_611,DeepVirFinder_only,,,0.3273279070854187,0.1131127728680413,False
contig_119,DeepVirFinder_only,,,0.224210649728775,0.1392099101140569,False
contig_590,DeepVirFinder_only,,,0.110406257212162,0.1836996752020545,False
contig_754,DeepVirFinder_only,,,0.0301999598741531,0.2673351461590754,False
contig_136,DeepVirFinder_only,,,0.016300082206726,0.3093700430546113,False
contig_930,DeepVirFinder_only,,,0.1704809367656707,0.1570171463101442,False
contig_887,DeepVirFinder_only,,,0.1373754441738128,0.1708021753908905,False
contig_383,DeepVirFinder_only,,,0.030418574810028,0.266919706926505,False
contig_1079,DeepVirFinder_only,,,0.6630211472511292,0.0361054460306669,False
contig_1123,DeepVirFinder_only,,,0.1275800913572311,0.1748621497091925,False
contig_52,DeepVirFinder_only,,,0.9171284437179564,0.0164853840924541,False
contig_496,DeepVirFinder_only,,,0.0470513552427291,0.2384621194954301,False
contig_29,DeepVirFinder_only,,,0.1723746508359909,0.1562806858524057,False
contig_640,DeepVirFinder_only,,,0.0138403018936514,0.3201903467029232,False
contig_1066,DeepVirFinder_only,,,0.2719075977802276,0.1266711987310219,False
contig_574,DeepVirFinder_only,,,0.2020607590675354,0.146177959060352,False
contig_489,DeepVirFinder_only,,,0.0422771200537681,0.2458456076742956,False
contig_413,DeepVirFinder_only,,,0.6787067651748657,0.0348591283329556,False
contig_220,DeepVirFinder_only,,,0.0040110135450959,0.4092454112848402,False
contig_1150,DeepVirFinder_only,,,0.3694438934326172,0.1038031573381675,False
contig_325,DeepVirFinder_only,,,0.019598064944148,0.296057104010877,False
contig_100,DeepVirFinder_only,,,0.0309160538017749,0.2660510612584032,False
contig_1114,DeepVirFinder_only,,,0.0962307304143905,0.1918951582445804,False
contig_192,DeepVirFinder_only,,,0.2450858056545257,0.1335825968728756,False
contig_1089,DeepVirFinder_only,,,0.0460101477801799,0.2400861092227509,False
contig_534,DeepVirFinder_only,,,0.6703482866287231,0.0355389379862527,False
contig_804,DeepVirFinder_only,,,0.0009646596736274,0.5115567641060503,False
contig_122,DeepVirFinder_only,,,0.3985381722450256,0.0969672936022358,False
contig_1068,DeepVirFinder_only,,,0.1873708516359329,0.1512954150615605,False
contig_400,DeepVirFinder_only,,,4.4318679215393786e-07,0.8953848477981721,False
contig_495,DeepVirFinder_only,,,0.0660155788064003,0.2163305385603142,False
contig_789,DeepVirFinder_only,,,0.2067369967699051,0.1447994561522773,False
contig_318,DeepVirFinder_only,,,0.04435895383358,0.2422010725885641,False
contig_928,DeepVirFinder_only,,,0.0256320089101791,0.2781176826044263,False
contig_831,DeepVirFinder_only,,,0.0663151517510414,0.2159528665307047,False
contig_56,DeepVirFinder_only,,,0.1425049751996994,0.1679318679658584,False
contig_22,DeepVirFinder_only,,,0.0794983878731727,0.2039617795906035,False
contig_237,DeepVirFinder_only,,,0.513625979423523,0.0561031799984893,False
contig_741,DeepVirFinder_only,,,0.4532396197319031,0.0826535236800362,False
contig_857,DeepVirFinder_only,,,0.150927796959877,0.1641929148727245,False
contig_1118,DeepVirFinder_only,,,0.2179002463817596,0.1409283178487801,False
contig_202,DeepVirFinder_only,,,0.0896751284599304,0.1962383865850895,False
contig_304,DeepVirFinder_only,,,0.022417863830924,0.2870307425032102,False
contig_417,DeepVirFinder_only,,,0.2450564801692962,0.1335825968728756,False
contig_960,DeepVirFinder_only,,,0.0453718714416027,0.2409736384923332,False
contig_1010,DeepVirFinder_only,,,0.0004695825336966,0.5602198051212327,False
contig_984,DeepVirFinder_only,,,0.0036146738566458,0.4166100158622252,False
contig_718,DeepVirFinder_only,,,0.0593183264136314,0.2237706775436211,False
contig_850,Both,0.967,dsDNAphage,0.9934996962547302,0.0066281441196464,True
contig_1009,DeepVirFinder_only,,,4.783770054928027e-05,0.7015635622025833,False
contig_1076,DeepVirFinder_only,,,0.6131300926208496,0.0407885791978246,False
contig_242,DeepVirFinder_only,,,0.5245049595832825,0.0533650577838205,False
contig_388,DeepVirFinder_only,,,0.0115128699690103,0.33320114812297,False
contig_744,DeepVirFinder_only,,,0.2169760912656784,0.1410982702621044,False
contig_1062,DeepVirFinder_only,,,0.1845137178897857,0.1522395951355842,False
contig_51,DeepVirFinder_only,,,0.0136876078322529,0.3209079235591812,False
contig_790,DeepVirFinder_only,,,0.1653083264827728,0.1588299720522698,False
contig_111,DeepVirFinder_only,,,0.0215381160378456,0.2897122139134375,False
contig_423,DeepVirFinder_only,,,0.0001257490803254,0.6451204773774454,False
contig_558,DeepVirFinder_only,,,0.1216687560081482,0.1779401767505098,False
contig_229,DeepVirFinder_only,,,0.7079553604125977,0.0325175617493768,False
contig_695,DeepVirFinder_only,,,0.5488661527633667,0.0489840622403504,False
contig_981,DeepVirFinder_only,,,0.1562249064445495,0.1623800891305989,False
contig_579,DeepVirFinder_only,,,0.0423538163304328,0.2457700732683737,False
contig_316,DeepVirFinder_only,,,0.1484447717666626,0.1652126293526701,False
contig_859,DeepVirFinder_only,,,0.0733688250184059,0.2094002568169801,False
contig_638,DeepVirFinder_only,,,0.0159912817180156,0.3105219427449203,False
contig_560,DeepVirFinder_only,,,0.020687473937869,0.2920915476999773,False
contig_368,DeepVirFinder_only,,,0.0225635562092065,0.2864831180602764,False
contig_801,DeepVirFinder_only,,,0.0168019495904445,0.3069340584636302,False
contig_953,DeepVirFinder_only,,,0.0062340213917195,0.3766900823325024,False
contig_64,DeepVirFinder_only,,,0.0655500069260597,0.2166704433869627,False
contig_132,DeepVirFinder_only,,,0.0538225695490837,0.2295490595966462,False
contig_940,DeepVirFinder_only,,,0.1435090750455856,0.1675353123347684,False
contig_356,DeepVirFinder_only,,,0.4990405440330505,0.0639209910114056,False
contig_65,DeepVirFinder_only,,,0.2513512670993805,0.1318641891381524,False
contig_67,DeepVirFinder_only,,,0.0026847319677472,0.4384394591736536,False
contig_133,DeepVirFinder_only,,,0.0769088193774223,0.2060767429564166,False
contig_167,DeepVirFinder_only,,,0.1189629882574081,0.1791864944482211,False
contig_291,DeepVirFinder_only,,,0.0246353074908256,0.2807613868116927,False
contig_656,DeepVirFinder_only,,,0.021005842834711,0.2911662512274341,False
contig_1210,DeepVirFinder_only,,,0.1377758234739303,0.1706511065790467,False
contig_187,DeepVirFinder_only,,,0.2031397074460983,0.1458758214366644,False
contig_982,DeepVirFinder_only,,,0.0650991797447204,0.2170669990180527,False
contig_867,DeepVirFinder_only,,,0.0802951157093048,0.2033763879447088,False
contig_880,DeepVirFinder_only,,,0.3601555526256561,0.1057292846891759,False
contig_359,DeepVirFinder_only,,,0.16775543987751,0.1579802099856484,False
contig_877,DeepVirFinder_only,,,0.6950594186782837,0.03344285822192,False
contig_722,DeepVirFinder_only,,,0.0019991772715002,0.4592114208021754,False
contig_1033,DeepVirFinder_only,,,0.1539013683795929,0.1631354331898179,False
contig_324,DeepVirFinder_only,,,0.0245002042502164,0.2810257572324193,False
contig_860,DeepVirFinder_only,,,0.0830617249011993,0.2011292393685323,False
contig_392,DeepVirFinder_only,,,0.0028308453038334,0.4347193896820001,False
contig_405,DeepVirFinder_only,,,0.2771190106868744,0.1255004154392325,False
contig_687,DeepVirFinder_only,,,0.0056350687518715,0.3843379409320945,False
contig_121,DeepVirFinder_only,,,0.6389490962028503,0.03822040939648,False
contig_216,DeepVirFinder_only,,,0.0583329498767852,0.2247148576176448,False
contig_1173,DeepVirFinder_only,,,0.194838061928749,0.1484251076365284,False
contig_1144,DeepVirFinder_only,,,0.6715002059936523,0.0354634035803308,False
contig_1203,DeepVirFinder_only,,,0.6429404020309448,0.0377294357579877,False
contig_540,DeepVirFinder_only,,,0.1671303361654281,0.1581312787974922,False
contig_596,DeepVirFinder_only,,,0.0429104715585708,0.2448447767958305,False
contig_800,DeepVirFinder_only,,,0.2115468084812164,0.143232117229398,False
contig_183,DeepVirFinder_only,,,0.635736882686615,0.0385791978246091,False
contig_297,DeepVirFinder_only,,,0.0629179552197456,0.2195407508119948,False
contig_626,DeepVirFinder_only,,,1.4220274351828266e-05,0.7657489236347156,False
contig_1151,DeepVirFinder_only,,,0.0835247859358787,0.2006949165344814,False
contig_1145,DeepVirFinder_only,,,0.3642057180404663,0.104860639021074,False
contig_46,DeepVirFinder_only,,,0.2324842512607574,0.1368683435304781,False
contig_799,DeepVirFinder_only,,,0.0107036083936691,0.338696276153788,False
contig_1100,DeepVirFinder_only,,,0.1804145723581314,0.1536747488481003,False
contig_227,DeepVirFinder_only,,,0.0492052510380744,0.2354407432585542,False
contig_483,DeepVirFinder_only,,,0.0468366146087646,0.2388209079235591,False
contig_1027,DeepVirFinder_only,,,0.0475273579359054,0.2377445426391721,False
contig_977,DeepVirFinder_only,,,0.0234103258699178,0.2842170858826195,False
contig_848,DeepVirFinder_only,,,0.7793631553649902,0.0269091321096759,False
contig_73,DeepVirFinder_only,,,0.0526345893740654,0.2309653297076818,False
contig_1032,DeepVirFinder_only,,,0.0392343923449516,0.2504909736384923,False
contig_780,DeepVirFinder_only,,,0.4042933583259582,0.0952300022660321,False
contig_701,DeepVirFinder_only,,,0.0275577325373888,0.2736045018505929,False
contig_346,DeepVirFinder_only,,,0.0992080122232437,0.1901578669083767,False
contig_543,DeepVirFinder_only,,,0.3153775036334991,0.1153976886471788,False
contig_287,DeepVirFinder_only,,,0.0710444524884224,0.2116285217916761,False
contig_845,DeepVirFinder_only,,,0.9502222537994384,0.013577309464461,False
contig_203,DeepVirFinder_only,,,0.2031924873590469,0.1458569378351839,False
contig_753,DeepVirFinder_only,,,0.0027048629708588,0.4379673691366417,False
contig_823,DeepVirFinder_only,,,0.0009619889897294,0.511783367323816,False
contig_1015,DeepVirFinder_only,,,0.00035914676846,0.5792544754135509,False
contig_272,DeepVirFinder_only,,,0.4793804585933685,0.0742125538182642,False
contig_437,DeepVirFinder_only,,,0.3127272129058838,0.1162663343152806,False
contig_1035,DeepVirFinder_only,,,0.0498507693409919,0.234515446786011,False
contig_173,DeepVirFinder_only,,,0.487263411283493,0.0706057859354936,False
contig_257,DeepVirFinder_only,,,0.4070315062999725,0.0944935418082936,False
contig_261,DeepVirFinder_only,,,0.0555281713604927,0.2277551174560012,False
contig_896,DeepVirFinder_only,,,0.2396667003631591,0.1351310521942745,False
contig_110,DeepVirFinder_only,,,0.0259304903447628,0.2775322909585316,False
contig_300,DeepVirFinder_only,,,0.7541429996490479,0.029024095475489,False
contig_742,DeepVirFinder_only,,,0.0098128821700811,0.3456076742956416,False
contig_1044,DeepVirFinder_only,,,0.0119999386370182,0.329896517863887,False
contig_1029,DeepVirFinder_only,,,0.0193611923605203,0.2970768184908225,False
contig_618,DeepVirFinder_only,,,0.0241365376859903,0.2822343077271697,False
contig_1164,DeepVirFinder_only,,,0.1058321520686149,0.1864566810182037,False
contig_428,Both,1.0,dsDNAphage,0.1340348124504089,0.1721240274945237,True
contig_145,DeepVirFinder_only,,,0.044007696211338,0.2428242314374197,False
contig_332,DeepVirFinder_only,,,0.0438486039638519,0.2431452526625878,False
contig_394,DeepVirFinder_only,,,0.2391440421342849,0.1352632374046378,False
contig_487,DeepVirFinder_only,,,0.0197072681039571,0.2956416647783065,False
contig_943,DeepVirFinder_only,,,0.1493187695741653,0.1648349573230606,False
contig_270,DeepVirFinder_only,,,0.0171148832887411,0.3055366719540751,False
contig_966,DeepVirFinder_only,,,0.3328900337219238,0.1119419895762519,False
contig_419,DeepVirFinder_only,,,0.0265346616506576,0.2759649520356522,False
contig_480,DeepVirFinder_only,,,0.2178515791893005,0.1409283178487801,False
contig_484,DeepVirFinder_only,,,0.1024007350206375,0.1882317395573683,False
contig_1102,DeepVirFinder_only,,,0.0162420719861984,0.3096155298738575,False
contig_965,DeepVirFinder_only,,,0.0044173798523843,0.4019752247148576,False
contig_13,DeepVirFinder_only,,,0.0019775126129388,0.4600989500717576,False
contig_680,DeepVirFinder_only,,,0.0182146560400724,0.3011367928091245,False
contig_1057,DeepVirFinder_only,,,0.1141334995627403,0.1815280610318,False
contig_846,DeepVirFinder_only,,,0.0072351535782217,0.3665118211345268,False
contig_1214,DeepVirFinder_only,,,0.2936650812625885,0.1208361658735554,False
contig_929,DeepVirFinder_only,,,0.0995358154177665,0.189969030893572,False
contig_477,DeepVirFinder_only,,,0.0018719397485256,0.463932321172294,False
contig_793,DeepVirFinder_only,,,0.0655620470643043,0.2166515597854822,False
contig_1163,DeepVirFinder_only,,,0.698214054107666,0.0332351386056348,False
contig_602,DeepVirFinder_only,,,0.1329483985900879,0.1725394667270942,False
contig_97,DeepVirFinder_only,,,0.4120772778987884,0.0933794093209457,False
contig_1028,DeepVirFinder_only,,,0.0421516858041286,0.2460155600876199,False
contig_1008,DeepVirFinder_only,,,0.0447950437664985,0.2417856333559936,False
contig_1171,DeepVirFinder_only,,,0.0376936197280883,0.2533990482664854,False
contig_188,Both,0.507,dsDNAphage,0.4607000052928924,0.0807840471334692,True
contig_82,DeepVirFinder_only,,,0.0104242349043488,0.3407734723166402,False
contig_127,DeepVirFinder_only,,,0.0192487277090549,0.2974733741219125,False
contig_30,DeepVirFinder_only,,,0.057178109884262,0.2259422917138756,False
contig_667,DeepVirFinder_only,,,0.0849604159593582,0.1995430168441725,False
contig_182,DeepVirFinder_only,,,0.0229418259114027,0.2855200543847722,False
contig_1161,DeepVirFinder_only,,,0.0404935032129287,0.2486970314978472,False
contig_1001,DeepVirFinder_only,,,0.0068148309364914,0.3706662134602311,False
contig_629,DeepVirFinder_only,,,0.0463105291128158,0.2396329027872195,False
contig_491,DeepVirFinder_only,,,0.0374919772148132,0.2537956038975753,False
contig_1147,DeepVirFinder_only,,,0.0461385995149612,0.2399728076138681,False
contig_917,DeepVirFinder_only,,,0.0050283023156225,0.3921368683435304,False
contig_166,DeepVirFinder_only,,,0.1020288169384002,0.1883639247677317,False
contig_765,DeepVirFinder_only,,,0.2568323612213135,0.130693405846363,False
contig_834,DeepVirFinder_only,,,0.012599435634911,0.3263086335825969,False
contig_526,DeepVirFinder_only,,,0.0498895198106765,0.23447767958305,False
contig_672,DeepVirFinder_only,,,0.6474290490150452,0.0372951129239368,False
contig_447,DeepVirFinder_only,,,9.9001350463368e-05,0.659358712893723,False
contig_992,DeepVirFinder_only,,,0.3774091899394989,0.1020658660019638,False
contig_900,DeepVirFinder_only,,,0.2403897941112518,0.1349422161794697,False
contig_398,DeepVirFinder_only,,,0.0628669261932373,0.2195785180149558,False
contig_1072,DeepVirFinder_only,,,0.0453630089759826,0.2409736384923332,False
contig_191,DeepVirFinder_only,,,0.0514753274619579,0.2325137850290807,False
contig_1185,Both,0.92,dsDNAphage,0.4870491623878479,0.0707002039428959,True
contig_367,DeepVirFinder_only,,,0.0160017218440771,0.3104841755419593,False
contig_453,DeepVirFinder_only,,,0.3081773221492767,0.1172105143893043,False
contig_971,DeepVirFinder_only,,,0.0097091412171721,0.346457436362263,False
contig_952,DeepVirFinder_only,,,0.010404834523797,0.3409056575270035,False
contig_571,DeepVirFinder_only,,,0.0032489136792719,0.4244278268751416,False
contig_1110,DeepVirFinder_only,,,0.0429128631949424,0.2448447767958305,False
contig_614,DeepVirFinder_only,,,0.0978322029113769,0.1908187929601933,False
contig_837,DeepVirFinder_only,,,0.0275003146380186,0.2737366870609563,False
contig_43,DeepVirFinder_only,,,0.5835062861442566,0.044149860261349,False
contig_397,DeepVirFinder_only,,,0.0824514329433441,0.2016768638114661,False
contig_1140,DeepVirFinder_only,,,0.073360800743103,0.2094191404184606,False
contig_36,DeepVirFinder_only,,,0.2079293578863144,0.1444973185285897,False
contig_557,DeepVirFinder_only,,,0.341607004404068,0.1095626557897122,False
contig_1088,DeepVirFinder_only,,,0.4359676241874695,0.0872988896442329,False
contig_916,DeepVirFinder_only,,,0.0602807812392711,0.2225621270488707,False
contig_645,DeepVirFinder_only,,,0.6208862066268921,0.0399577007326837,False
contig_625,DeepVirFinder_only,,,0.0590559653937816,0.2240539315658282,False
contig_734,DeepVirFinder_only,,,0.0383852683007717,0.251831709343606,False
contig_176,DeepVirFinder_only,,,0.022943714633584,0.2855200543847722,False
contig_230,DeepVirFinder_only,,,0.0078794937580823,0.3607523226829821,False
contig_448,DeepVirFinder_only,,,0.458808958530426,0.0813505551778835,False
contig_455,DeepVirFinder_only,,,0.1525906026363372,0.1636264068283102,False
contig_536,DeepVirFinder_only,,,0.0410926565527915,0.2476773170179016,False
contig_1037,DeepVirFinder_only,,,0.0236123539507389,0.2836128106352443,False
contig_1095,DeepVirFinder_only,,,0.0183940753340721,0.3004569831558275,False
contig_616,DeepVirFinder_only,,,0.0508631467819213,0.2333446634942216,False
contig_767,DeepVirFinder_only,,,0.2870458662509918,0.1227056424201223,False
contig_1094,DeepVirFinder_only,,,0.7421995997428894,0.0297605559332275,False
contig_721,DeepVirFinder_only,,,0.0004811485705431,0.5583503285746657,False
contig_778,DeepVirFinder_only,,,0.1468049883842468,0.1661190422237329,False
contig_947,DeepVirFinder_only,,,0.0994788855314254,0.189969030893572,False
contig_273,DeepVirFinder_only,,,0.0680525600910186,0.2140833899841377,False
contig_189,DeepVirFinder_only,,,0.1141173020005226,0.1815280610318,False
contig_326,DeepVirFinder_only,,,0.0629429221153259,0.2195029836090339,False
contig_1211,DeepVirFinder_only,,,0.1522741913795471,0.1637208248357126,False
contig_28,DeepVirFinder_only,,,0.2159180492162704,0.1414192914872724,False
contig_390,DeepVirFinder_only,,,0.0505127757787704,0.2337789863282725,False
contig_330,DeepVirFinder_only,,,0.0458411797881126,0.2403315960419971,False
contig_54,DeepVirFinder_only,,,0.021414928138256,0.2900521187400861,False
contig_293,DeepVirFinder_only,,,0.2324385344982147,0.1368683435304781,False
contig_1,DeepVirFinder_only,,,0.0417089313268661,0.2466198353349951,False
contig_1020,DeepVirFinder_only,,,0.0921054780483245,0.1946521640607296,False
contig_675,DeepVirFinder_only,,,7.705754251219332e-05,0.6739746204396102,False
contig_855,DeepVirFinder_only,,,0.0698497891426086,0.2126293526701412,False
contig_730,DeepVirFinder_only,,,0.0343697518110275,0.2593851499357957,False
contig_684,DeepVirFinder_only,,,0.0107224024832248,0.3386018581463856,False
contig_322,DeepVirFinder_only,,,0.0545749515295028,0.2287559483344663,False
contig_262,DeepVirFinder_only,,,0.0342634245753288,0.2595362187476395,False
contig_468,DeepVirFinder_only,,,0.0305862929672002,0.2666175693028174,False
contig_1036,DeepVirFinder_only,,,0.2700299024581909,0.1270299871591509,False
contig_295,DeepVirFinder_only,,,0.0931817591190338,0.1938024019941083,False
contig_301,DeepVirFinder_only,,,0.0382234267890453,0.2521527305687741,False
contig_569,DeepVirFinder_only,,,0.1076712310314178,0.185153712516051,False
contig_610,DeepVirFinder_only,,,0.0769827365875244,0.2060200921519752,False
contig_1043,DeepVirFinder_only,,,0.0320600867271423,0.2635206586600196,False
contig_1184,DeepVirFinder_only,,,0.1917877197265625,0.1495581237253569,False
contig_683,DeepVirFinder_only,,,0.0011479989625513,0.4988669839111715,False
contig_1022,DeepVirFinder_only,,,0.092415876686573,0.1942744920311201,False
contig_711,DeepVirFinder_only,,,0.0306685790419578,0.2664476168894931,False
contig_263,DeepVirFinder_only,,,0.1959946453571319,0.1479907848024775,False
contig_702,DeepVirFinder_only,,,0.5329731702804565,0.0518921368683435,False
contig_282,DeepVirFinder_only,,,0.0358548499643802,0.2568358637359317,False
contig_294,Both,1.0,dsDNAphage,0.5437067151069641,0.0499660095173351,True
contig_772,DeepVirFinder_only,,,0.032740332186222,0.2625198277815544,False
contig_14,DeepVirFinder_only,,,0.0367724299430847,0.255098572399728,False
contig_714,DeepVirFinder_only,,,0.1182853057980537,0.1795830500793111,False
contig_53,DeepVirFinder_only,,,0.016382735222578,0.3089357202205605,False
contig_652,DeepVirFinder_only,,,0.538811445236206,0.0506269355691517,False
contig_1154,DeepVirFinder_only,,,0.0947779268026351,0.1928015711156431,False
contig_364,DeepVirFinder_only,,,0.2565736174583435,0.1307122894478435,False
contig_572,DeepVirFinder_only,,,0.0004509555001277,0.5631467633507062,False
contig_646,DeepVirFinder_only,,,0.0989309847354888,0.1902522849157791,False
contig_927,DeepVirFinder_only,,,0.0147034917026758,0.3159037691668555,False
contig_247,DeepVirFinder_only,,,0.0234683789312839,0.2840471334692953,False
contig_582,DeepVirFinder_only,,,0.2196922302246093,0.1404751114132487,False
contig_766,DeepVirFinder_only,,,0.1991296559572219,0.1471410227358562,False
contig_1182,DeepVirFinder_only,,,0.3318323791027069,0.1120930583880957,False
contig_737,DeepVirFinder_only,,,0.0014617389533668,0.4821738802024322,False
contig_99,DeepVirFinder_only,,,0.0540206059813499,0.2294168743862829,False
contig_533,DeepVirFinder_only,,,0.018212117254734,0.3011745600120855,False
contig_186,DeepVirFinder_only,,,0.2190650254487991,0.1405884130221315,False
contig_74,Both,1.0,dsDNAphage,0.3644108772277832,0.1048228718181131,True
contig_370,DeepVirFinder_only,,,0.0434830375015735,0.2438817131203263,False
contig_771,DeepVirFinder_only,,,0.0003112138656433,0.5882808369212176,False
contig_879,DeepVirFinder_only,,,0.344683974981308,0.1089017297378956,False
contig_1181,DeepVirFinder_only,,,0.5441092252731323,0.0498527079084523,False
contig_552,DeepVirFinder_only,,,0.2028351426124572,0.1459513558425863,False
contig_709,DeepVirFinder_only,,,0.0617555007338523,0.220900370118589,False
contig_1003,DeepVirFinder_only,,,0.0013505079550668,0.4876690082332502,False
contig_591,DeepVirFinder_only,,,9.22129584068898e-06,0.7853689855729284,False
contig_762,DeepVirFinder_only,,,0.0201675910502672,0.2940743258554271,False
contig_541,DeepVirFinder_only,,,0.3380990028381347,0.1105257194652164,False
contig_296,DeepVirFinder_only,,,0.0237369053065776,0.2833484402145177,False
contig_1159,DeepVirFinder_only,,,0.1386241316795349,0.1701601329405544,False
contig_1172,DeepVirFinder_only,,,0.0062288101762533,0.3767656167384243,False
contig_673,DeepVirFinder_only,,,0.0428547002375125,0.2449014276002719,False
contig_1212,DeepVirFinder_only,,,0.3464459478855133,0.1086373593171689,False
contig_224,DeepVirFinder_only,,,0.0317566357553005,0.2642382355162777,False
contig_140,Both,0.973,dsDNAphage,0.6593012809753418,0.0364075836543545,True
contig_659,DeepVirFinder_only,,,0.4484860002994537,0.0838431905733061,False
contig_922,DeepVirFinder_only,,,0.078148752450943,0.2052080972883148,False
contig_309,DeepVirFinder_only,,,0.4114954471588135,0.093473827328348,False
contig_174,DeepVirFinder_only,,,0.0754693076014518,0.2075496638718936,False
contig_1158,DeepVirFinder_only,,,0.0731661468744278,0.2096457436362263,False
contig_713,DeepVirFinder_only,,,0.0527863539755344,0.2307953772943576,False
contig_1139,DeepVirFinder_only,,,0.028277188539505,0.2717539089055064,False
contig_118,DeepVirFinder_only,,,0.0837363675236702,0.2005816149255986,False
contig_706,DeepVirFinder_only,,,0.0090675167739391,0.3510272679205378,False
contig_170,DeepVirFinder_only,,,0.0076751825399696,0.362621799229549,False
contig_1064,DeepVirFinder_only,,,0.0340510718524456,0.259913890777249,False
contig_493,DeepVirFinder_only,,,0.0254474468529224,0.2786464234458796,False
contig_1168,DeepVirFinder_only,,,0.1287901699542999,0.1742956416647783,False
contig_978,DeepVirFinder_only,,,0.1807199120521545,0.1535236800362565,False
contig_438,DeepVirFinder_only,,,0.0019060376798734,0.462818188684946,False
contig_647,DeepVirFinder_only,,,0.1011951640248298,0.1887982476017826,False
contig_193,DeepVirFinder_only,,,0.3034408688545227,0.1184568320870156,False
contig_720,DeepVirFinder_only,,,0.1353475600481033,0.1715575194501095,False
contig_439,DeepVirFinder_only,,,0.394323855638504,0.0979114736762595,False
contig_512,DeepVirFinder_only,,,0.0411863699555397,0.2474695974016164,False
contig_1179,DeepVirFinder_only,,,0.2917683124542236,0.1216103935342548,False
contig_528,DeepVirFinder_only,,,0.4087164998054504,0.0941158697786841,False
contig_214,DeepVirFinder_only,,,0.0406196452677249,0.2485081954830425,False
contig_776,DeepVirFinder_only,,,0.02281373180449,0.2857277740010575,False
contig_936,DeepVirFinder_only,,,0.269865334033966,0.1270677543621119,False
contig_1126,DeepVirFinder_only,,,0.6665224432945251,0.0358221920084598,False
contig_120,DeepVirFinder_only,,,0.0287053659558296,0.2706397764181584,False
contig_442,DeepVirFinder_only,,,0.0001568599109305,0.6305612206359997,False
contig_333,DeepVirFinder_only,,,0.0026463058311492,0.4395913588639625,False
contig_1000,DeepVirFinder_only,,,0.2627764046192169,0.1287861620968351,False
contig_443,DeepVirFinder_only,,,0.302508533000946,0.1186079008988594,False
contig_914,DeepVirFinder_only,,,0.1336825042963028,0.172256212704887,False
contig_554,DeepVirFinder_only,,,0.0145305516198277,0.3166968804290354,False
contig_872,DeepVirFinder_only,,,0.0507922619581222,0.2333824306971825,False
contig_918,DeepVirFinder_only,,,0.0952759534120559,0.1924427826875141,False
contig_115,DeepVirFinder_only,,,0.3072437644004822,0.1174748848100309,False
contig_190,DeepVirFinder_only,,,0.0107583729550242,0.338337487725659,False
contig_169,DeepVirFinder_only,,,0.0078143114224076,0.3613377143288768,False
contig_600,DeepVirFinder_only,,,0.0627017170190811,0.2198240048342019,False
contig_96,DeepVirFinder_only,,,0.1533033698797226,0.1633431528061031,False
contig_381,DeepVirFinder_only,,,0.0151954116299748,0.3137132713951204,False
contig_886,DeepVirFinder_only,,,0.0857458263635635,0.1989387415967973,False
contig_1023,DeepVirFinder_only,,,0.0165136847645044,0.3084258629805876,False
contig_958,DeepVirFinder_only,,,0.0494319759309291,0.2350630712289448,False
contig_148,DeepVirFinder_only,,,0.0354323089122772,0.2575156733892288,False
contig_585,DeepVirFinder_only,,,0.4862398207187652,0.071058992371025,False
contig_1051,DeepVirFinder_only,,,0.6547679305076599,0.0367474884810031,False
contig_577,DeepVirFinder_only,,,0.1710566729307174,0.15684719389682,False
contig_1070,DeepVirFinder_only,,,0.1144529432058334,0.1813203414155147,False
contig_814,DeepVirFinder_only,,,0.0388625897467136,0.2510008308784651,False
contig_492,DeepVirFinder_only,,,0.0229121074080467,0.2855389379862527,False
contig_1108,DeepVirFinder_only,,,0.1112722605466842,0.1831520507591207,False
contig_58,DeepVirFinder_only,,,0.3104986250400543,0.1167195407508119,False
contig_410,DeepVirFinder_only,,,0.0641682893037796,0.217916761084674,False
contig_153,DeepVirFinder_only,,,0.1934242844581604,0.1489349648765012,False
contig_146,DeepVirFinder_only,,,0.8283396363258362,0.0231135282121006,False
contig_999,DeepVirFinder_only,,,0.0349698215723037,0.258440969861772,False
contig_345,DeepVirFinder_only,,,0.0293158739805221,0.2692801571115643,False
contig_592,DeepVirFinder_only,,,0.1005826592445373,0.189213686834353,False
contig_932,DeepVirFinder_only,,,0.2507819533348083,0.1320152579499962,False
contig_184,DeepVirFinder_only,,,0.1026738435029983,0.1881184379484855,False
contig_276,DeepVirFinder_only,,,0.1605410277843475,0.1606427977943953,False
contig_6,DeepVirFinder_only,,,0.0218449309468269,0.2886924994334919,False
contig_1194,DeepVirFinder_only,,,0.5433192253112793,0.0499660095173351,False
contig_440,DeepVirFinder_only,,,0.0079116839915514,0.3604879522622554,False
contig_482,DeepVirFinder_only,,,0.0127053279429674,0.3256665911322607,False
contig_94,DeepVirFinder_only,,,0.0066732936538755,0.3721013671727471,False
contig_903,DeepVirFinder_only,,,0.8741605281829834,0.0198466651559785,False
contig_951,DeepVirFinder_only,,,0.0467271134257316,0.2390097439383639,False
contig_708,DeepVirFinder_only,,,0.0139359673485159,0.3196616058614699,False
contig_112,DeepVirFinder_only,,,0.049839150160551,0.2345532139889719,False
contig_983,DeepVirFinder_only,,,0.3765809834003448,0.1022358184152881,False
contig_519,DeepVirFinder_only,,,0.1918065100908279,0.1495581237253569,False
contig_12,DeepVirFinder_only,,,0.4608561992645263,0.0807651635319888,False
contig_782,DeepVirFinder_only,,,0.113541156053543,0.1818301986554875,False
contig_605,DeepVirFinder_only,,,0.0678946450352668,0.214291109600423,False
contig_1186,DeepVirFinder_only,,,0.4237838387489319,0.0909434247299645,False
contig_251,DeepVirFinder_only,,,0.0059356945566833,0.380334617418234,False
contig_583,DeepVirFinder_only,,,0.0374552719295024,0.2538522547020168,False
contig_310,DeepVirFinder_only,,,0.0009981994517147,0.5089319435002644,False
contig_279,DeepVirFinder_only,,,0.0128781255334615,0.3248545962686003,False
contig_621,DeepVirFinder_only,,,0.0359071306884288,0.2567225621270488,False
contig_677,DeepVirFinder_only,,,0.3757597804069519,0.1023868872271319,False
contig_1019,DeepVirFinder_only,,,0.1552409082651138,0.1628521791676108,False
contig_1050,DeepVirFinder_only,,,0.3610419929027557,0.1054649142684492,False
contig_761,DeepVirFinder_only,,,0.0073687001131474,0.3653976886471788,False
contig_1162,DeepVirFinder_only,,,0.0829687565565109,0.2012614245788956,False
contig_688,DeepVirFinder_only,,,0.6776161789894104,0.0349346627388775,False
contig_1077,DeepVirFinder_only,,,0.0619711801409721,0.2206171160963819,False
contig_241,DeepVirFinder_only,,,0.0504398643970489,0.2338545207341944,False
contig_542,DeepVirFinder_only,,,0.0083372592926025,0.3566734647631996,False
contig_2,DeepVirFinder_only,,,0.0865873247385025,0.198410000755344,False
contig_235,DeepVirFinder_only,,,0.0317357815802097,0.264294886320719,False
contig_931,DeepVirFinder_only,,,0.0543400198221206,0.229020318755193,False
contig_1213,DeepVirFinder_only,,,0.6724761724472046,0.0353501019714479,False
contig_822,DeepVirFinder_only,,,0.0024279472418129,0.4456341113377143,False
contig_796,DeepVirFinder_only,,,0.0352714732289314,0.2578366946143968,False
contig_1054,DeepVirFinder_only,,,0.0568456500768661,0.2262444293375632,False
contig_339,DeepVirFinder_only,,,0.0205936525017023,0.2924314525266259,False
contig_416,DeepVirFinder_only,,,0.0561685487627983,0.227113075005665,False
contig_851,DeepVirFinder_only,,,0.0003402284928597,0.5826535236800363,False
contig_613,DeepVirFinder_only,,,0.0777905881404876,0.2055480021149633,False
contig_387,DeepVirFinder_only,,,0.4396374225616455,0.0862980587657678,False
contig_805,DeepVirFinder_only,,,0.0038390215486288,0.4121534859128333,False
contig_60,DeepVirFinder_only,,,0.2834873795509338,0.1237820077045094,False
contig_449,DeepVirFinder_only,,,0.0174667350947856,0.3041959362489614,False
contig_246,DeepVirFinder_only,,,4.879601692664437e-05,0.7005438477226377,False
contig_1007,DeepVirFinder_only,,,0.3213391900062561,0.1141891381524284,False
contig_236,DeepVirFinder_only,,,0.5179286003112793,0.0550645819170632,False
contig_490,DeepVirFinder_only,,,0.0753940045833587,0.2075874310748545,False
contig_149,DeepVirFinder_only,,,0.0383224487304687,0.2519450109524888,False
contig_522,DeepVirFinder_only,,,0.009985476732254,0.3440969861772037,False
contig_593,DeepVirFinder_only,,,0.2091220021247863,0.1441196464989803,False
contig_460,DeepVirFinder_only,,,0.0086039574816823,0.3544074325855427,False
contig_95,DeepVirFinder_only,,,0.1428734064102172,0.1677807991540146,False
contig_354,DeepVirFinder_only,,,5.555665211431915e-06,0.807443915703603,False
contig_575,DeepVirFinder_only,,,0.0214022565633058,0.2900898859430471,False
contig_785,DeepVirFinder_only,,,0.4756547510623932,0.0754966387189364,False
contig_399,DeepVirFinder_only,,,0.2534229755401611,0.1313543318981796,False
contig_389,DeepVirFinder_only,,,0.076955959200859,0.2060389757534557,False
contig_37,DeepVirFinder_only,,,0.1380309909582138,0.170462270564242,False
contig_871,Both,0.64,dsDNAphage,0.8196982741355896,0.0237555706624367,True
contig_530,DeepVirFinder_only,,,0.0370389223098754,0.2544942971523529,False
contig_61,DeepVirFinder_only,,,0.025960573926568,0.2774756401540902,False
contig_1138,DeepVirFinder_only,,,0.3630715012550354,0.1050305914343983,False
contig_373,DeepVirFinder_only,,,0.0303294844925403,0.2670707757383488,False
contig_486,DeepVirFinder_only,,,0.2464852035045623,0.1333182264521489,False
contig_597,DeepVirFinder_only,,,0.0769372805953025,0.2060389757534557,False
contig_562,DeepVirFinder_only,,,0.130557432770729,0.1735591812070398,False
contig_547,DeepVirFinder_only,,,0.0559433884918689,0.2273585618249112,False
contig_231,DeepVirFinder_only,,,0.0084373597055673,0.3557670518921368,False
contig_655,DeepVirFinder_only,,,0.0253656320273876,0.2789674446710476,False
contig_41,DeepVirFinder_only,,,0.7564060091972351,0.0288730266636452,False
contig_980,DeepVirFinder_only,,,0.0050391824916005,0.3920235667346476,False
contig_327,DeepVirFinder_only,,,0.0537581928074359,0.2296245940025681,False
contig_868,DeepVirFinder_only,,,0.6151765584945679,0.0405242087770979,False
contig_1112,DeepVirFinder_only,,,0.1043807417154312,0.1872875594833446,False
contig_933,DeepVirFinder_only,,,0.0623047053813934,0.2202205604652919,False
contig_955,DeepVirFinder_only,,,0.103538654744625,0.187740765918876,False
contig_506,DeepVirFinder_only,,,0.0643251687288284,0.2177468086713498,False
contig_757,DeepVirFinder_only,,,0.024299131706357,0.2816300324797945,False
contig_204,DeepVirFinder_only,,,0.0027492381632328,0.4368343530478132,False
contig_418,DeepVirFinder_only,,,0.0112686771899461,0.3346929526399275,False
contig_802,DeepVirFinder_only,,,0.0011786076938733,0.4972807613868117,False
contig_44,DeepVirFinder_only,,,0.2244678735733032,0.139134375708135,False
contig_854,DeepVirFinder_only,,,0.5282293558120728,0.0527985497394063,False
contig_517,DeepVirFinder_only,,,0.0092424917966127,0.3494976962006194,False
contig_452,DeepVirFinder_only,,,0.0244894847273826,0.2810635244353803,False
contig_1017,DeepVirFinder_only,,,0.0073246518149971,0.3658320114812297,False
contig_33,DeepVirFinder_only,,,0.0275090243667364,0.2736800362565148,False
contig_723,DeepVirFinder_only,,,0.0004686408792622,0.5604464083389984,False
contig_498,Both,0.967,dsDNAphage,0.4781407415866852,0.0746279930508346,True
contig_1117,DeepVirFinder_only,,,0.3100686371326446,0.1167950751567338,False
contig_603,DeepVirFinder_only,,,0.1744870096445083,0.1555064581917063,False
contig_925,DeepVirFinder_only,,,0.0282981470227241,0.2716217236951431,False
contig_803,DeepVirFinder_only,,,0.111488863825798,0.1829443311428355,False
contig_736,DeepVirFinder_only,,,0.0098056513816118,0.3456643251000831,False
contig_313,DeepVirFinder_only,,,0.3839622437953949,0.1002908074627993,False
contig_1116,DeepVirFinder_only,,,0.0724276974797248,0.2101744844776795,False
contig_414,DeepVirFinder_only,,,0.1769027113914489,0.1549399501472921,False
contig_461,DeepVirFinder_only,,,0.1510084271430969,0.1641929148727245,False
contig_612,DeepVirFinder_only,,,0.0785072222352027,0.2049437268675882,False
contig_129,DeepVirFinder_only,,,0.0975340157747268,0.1909887453735176,False
contig_404,DeepVirFinder_only,,,0.0016507959226146,0.4735629579273359,False
contig_1045,DeepVirFinder_only,,,0.4203385710716247,0.0917554195936248,False
contig_35,DeepVirFinder_only,,,0.0206186231225729,0.292355918120704,False
contig_131,DeepVirFinder_only,,,0.3004831969738006,0.1191177581388322,False
contig_396,DeepVirFinder_only,,,0.2352968752384185,0.1362640682831029,False
contig_425,DeepVirFinder_only,,,0.2305007576942443,0.1374537351763728,False
contig_817,DeepVirFinder_only,,,0.0445340126752853,0.2421066545811617,False
contig_745,DeepVirFinder_only,,,0.1488004773855209,0.1650615605408263,False
contig_815,DeepVirFinder_only,,,0.3837412297725677,0.1003663418687212,False
contig_376,DeepVirFinder_only,,,0.0141591075807809,0.3185474733741219,False
contig_213,DeepVirFinder_only,,,0.0042193476110696,0.4052043205680187,False
contig_1143,DeepVirFinder_only,,,0.0295019317418336,0.2688647178789939,False
contig_957,DeepVirFinder_only,,,0.0038665845058858,0.4117002794773019,False
contig_1198,DeepVirFinder_only,,,0.0868256911635398,0.1982778155449807,False
contig_890,DeepVirFinder_only,,,0.0119560286402702,0.3301797718860941,False
contig_589,DeepVirFinder_only,,,0.1153102964162826,0.1809237857844248,False
contig_510,DeepVirFinder_only,,,0.0163259785622358,0.3092000906412871,False
contig_874,DeepVirFinder_only,,,0.0224590450525283,0.2869363244958078,False
contig_617,DeepVirFinder_only,,,0.0673345029354095,0.21497091925372,False
contig_704,DeepVirFinder_only,,,0.997735857963562,0.0048153183775209,False
contig_1106,DeepVirFinder_only,,,0.2322449386119842,0.1368872271319586,False
contig_363,DeepVirFinder_only,,,0.0622625984251499,0.2202583276682529,False
contig_594,DeepVirFinder_only,,,0.945912778377533,0.0141060503059143,False
contig_818,DeepVirFinder_only,,,0.0647807344794273,0.2173124858372989,False
contig_124,DeepVirFinder_only,,,0.0401478260755538,0.249244655940781,False
contig_1207,DeepVirFinder_only,,,0.0251486953347921,0.2794395347080595,False
contig_882,DeepVirFinder_only,,,0.0176439173519611,0.3032706397764181,False
contig_584,DeepVirFinder_only,,,0.12773197889328,0.1747677317017901,False
contig_507,DeepVirFinder_only,,,0.0967399403452873,0.1915174862149709,False
contig_630,DeepVirFinder_only,,,0.0192182939499616,0.2975489085278344,False
contig_920,DeepVirFinder_only,,,0.1492103338241577,0.1648727245260216,False
contig_651,DeepVirFinder_only,,,0.0337741374969482,0.2604615152201828,False
contig_254,DeepVirFinder_only,,,0.0163314118981361,0.3092000906412871,False
contig_671,DeepVirFinder_only,,,0.0781117156147956,0.2052269808897953,False
contig_556,DeepVirFinder_only,,,0.1151240989565849,0.1809615529873857,False
contig_784,DeepVirFinder_only,,,0.0301843769848346,0.2673729133620364,False
contig_502,DeepVirFinder_only,,,0.1634638607501983,0.1594720145026059,False
contig_866,DeepVirFinder_only,,,0.0099682910367846,0.3443047057934889,False
contig_1018,DeepVirFinder_only,,,0.477189153432846,0.0750623158848855,False
contig_347,DeepVirFinder_only,,,0.1299040913581848,0.1738990860336883,False
contig_4,DeepVirFinder_only,,,0.2230423837900161,0.1395875821436664,False
contig_622,DeepVirFinder_only,,,0.520960807800293,0.0543470050608052,False
contig_278,Both,0.527,dsDNAphage,0.2153826802968979,0.1416081275020771,True
contig_566,DeepVirFinder_only,,,0.0384392216801643,0.2516995241332427,False
contig_116,DeepVirFinder_only,,,0.0532314479351043,0.2301722184455019,False
contig_561,DeepVirFinder_only,,,0.0347152762115001,0.2588564090943425,False
contig_774,DeepVirFinder_only,,,0.0008241138420999,0.5221315809351159,False
contig_686,DeepVirFinder_only,,,0.1949985921382904,0.148368456832087,False
contig_128,DeepVirFinder_only,,,0.0642425939440727,0.2178412266787521,False
contig_343,DeepVirFinder_only,,,0.0187739618122577,0.2990784802477528,False
contig_639,DeepVirFinder_only,,,0.0225957725197076,0.2863698164513936,False
contig_384,DeepVirFinder_only,,,0.0412050373852252,0.2474695974016164,False
contig_962,DeepVirFinder_only,,,0.0038824689108878,0.4113226074476924,False
contig_908,DeepVirFinder_only,,,0.0442719794809818,0.2423521414004079,False
contig_157,DeepVirFinder_only,,,0.2502854168415069,0.1321852103633204,False
contig_828,DeepVirFinder_only,,,0.0044368775561451,0.4015597854822871,False
contig_893,DeepVirFinder_only,,,0.0367933772504329,0.255098572399728,False
contig_727,DeepVirFinder_only,,,0.8213026523590088,0.0235856182491124,False
contig_615,DeepVirFinder_only,,,0.0112477410584688,0.3349384394591737,False
contig_198,DeepVirFinder_only,,,0.8213855624198914,0.0235856182491124,False
contig_1148,DeepVirFinder_only,,,0.0093711968511343,0.348685701336959,False
contig_836,DeepVirFinder_only,,,0.0033253815490752,0.4227094191404185,False
contig_1101,DeepVirFinder_only,,,0.0455203726887702,0.2407848024775285,False
contig_280,DeepVirFinder_only,,,0.0823262929916381,0.201752398217388,False
contig_1200,DeepVirFinder_only,,,0.0404806435108184,0.2487159150993277,False
contig_369,DeepVirFinder_only,,,0.1029124930500984,0.1880806707455246,False
contig_1104,DeepVirFinder_only,,,0.0688591971993446,0.2134224639323211,False
contig_756,DeepVirFinder_only,,,0.0413246303796768,0.2472241105823702,False
contig_268,DeepVirFinder_only,,,0.1338825672864914,0.1721806782989652,False
contig_657,DeepVirFinder_only,,,0.1377253979444503,0.1706699901805272,False
contig_1188,DeepVirFinder_only,,,0.0278785787522792,0.2728680413928544,False
contig_581,DeepVirFinder_only,,,0.2485361695289611,0.1328461364151371,False
contig_427,DeepVirFinder_only,,,0.0081112189218401,0.3587884281290128,False
contig_563,DeepVirFinder_only,,,0.7543425559997559,0.0290052118740086,False
contig_258,Both,0.58,dsDNAphage,0.3767960667610168,0.1021414004078857,True
contig_668,DeepVirFinder_only,,,0.186106190085411,0.1517863887000528,False
contig_362,DeepVirFinder_only,,,0.4188051223754883,0.0920953244202734,False
contig_939,DeepVirFinder_only,,,0.1104601919651031,0.1836619079990936,False
contig_1059,DeepVirFinder_only,,,0.0348826348781585,0.2586486894780572,False
contig_1113,DeepVirFinder_only,,,0.0308419056236743,0.2661077120628446,False
contig_162,DeepVirFinder_only,,,0.3961748778820038,0.0974960344436891,False
contig_244,DeepVirFinder_only,,,0.6413716077804565,0.0379371553742729,False
contig_267,DeepVirFinder_only,,,0.0276730749756097,0.2733023642269053,False
contig_395,DeepVirFinder_only,,,0.0301290843635797,0.2674673313694388,False
contig_853,DeepVirFinder_only,,,0.0088399183005094,0.3525757232419367,False
contig_963,DeepVirFinder_only,,,0.1085059195756912,0.1846816224790392,False
contig_1135,DeepVirFinder_only,,,0.038827508687973,0.2510385980814261,False
contig_1166,DeepVirFinder_only,,,0.2120011150836944,0.1430999320190346,False
contig_758,DeepVirFinder_only,,,0.4739546477794647,0.0761386811692726,False
contig_341,DeepVirFinder_only,,,0.0541125796735286,0.2293224563788805,False
contig_631,DeepVirFinder_only,,,0.1008728295564651,0.1889682000151069,False
contig_1099,DeepVirFinder_only,,,0.1468415558338165,0.1661001586222524,False
contig_441,DeepVirFinder_only,,,0.6089838743209839,0.0412984364377974,False
contig_650,DeepVirFinder_only,,,0.4314844012260437,0.0886396253493466,False
contig_539,DeepVirFinder_only,,,0.0019629285670816,0.4606088073117305,False
contig_421,DeepVirFinder_only,,,0.2111067473888397,0.1434398368456832,False
contig_71,DeepVirFinder_only,,,0.0188387595117092,0.2988707606314676,False
contig_875,DeepVirFinder_only,,,0.1349227875471115,0.1717652390663947,False
contig_587,DeepVirFinder_only,,,0.2189550101757049,0.1405884130221315,False
contig_253,DeepVirFinder_only,,,0.7756508588790894,0.0272490369363244,False
contig_531,DeepVirFinder_only,,,0.0525762289762496,0.2310219805121232,False
contig_49,DeepVirFinder_only,,,0.0023792861029505,0.4468804290354256,False
contig_77,DeepVirFinder_only,,,0.0334449186921119,0.2611979756779213,False
contig_1183,DeepVirFinder_only,,,0.081156738102436,0.2026588110884508,False
contig_786,DeepVirFinder_only,,,0.9518445134162904,0.0134073570511367,False
contig_1047,DeepVirFinder_only,,,0.1359692513942718,0.1713120326308633,False
contig_760,DeepVirFinder_only,,,0.8248621225357056,0.0233967822343077,False
contig_1189,DeepVirFinder_only,,,0.318964272737503,0.1146612281894402,False
contig_1174,DeepVirFinder_only,,,0.5892128944396973,0.0435644686154543,False
contig_707,DeepVirFinder_only,,,0.2372691929340362,0.1357542110431301,False
contig_935,DeepVirFinder_only,,,0.2586095333099365,0.1301457814034292,False
contig_1127,DeepVirFinder_only,,,0.0343483015894889,0.2594229171387567,False
contig_101,DeepVirFinder_only,,,0.1759093105792999,0.1550910189591358,False
contig_379,DeepVirFinder_only,,,0.0706196725368499,0.2119117758138832,False
contig_825,DeepVirFinder_only,,,0.1102877408266067,0.1837374424050155,False
contig_31,DeepVirFinder_only,,,8.18514763523126e-06,0.7902976055593323,False
contig_179,DeepVirFinder_only,,,0.2480071485042572,0.1330349724299418,False
contig_475,DeepVirFinder_only,,,0.4261357188224792,0.0902447314751869,False
contig_1091,DeepVirFinder_only,,,0.2732647657394409,0.1264068283102953,False
contig_402,DeepVirFinder_only,,,0.1389485448598861,0.1700090641287106,False
contig_319,DeepVirFinder_only,,,0.8841742873191833,0.0189402522849157,False
contig_751,DeepVirFinder_only,,,0.4108074307441711,0.0935493617342699,False
contig_207,DeepVirFinder_only,,,0.0028229975141584,0.4348893420953244,False
contig_1193,Both,1.0,dsDNAphage,0.8143433332443237,0.0241710098950071,True
contig_599,DeepVirFinder_only,,,0.1410590410232544,0.1687249792280383,False
contig_781,DeepVirFinder_only,,,6.307127478066832e-05,0.6861356597930357,False
contig_1160,DeepVirFinder_only,,,0.3187707364559173,0.1147178789938817,False
contig_225,DeepVirFinder_only,,,0.0351483151316642,0.2581010650351235,False
contig_164,DeepVirFinder_only,,,0.1008075326681137,0.1890248508195483,False
contig_635,DeepVirFinder_only,,,0.0697100535035133,0.2127048870760631,False
contig_521,DeepVirFinder_only,,,0.317612737417221,0.1150200166175693,False
contig_277,DeepVirFinder_only,,,0.2117717862129211,0.1431376992219956,False
contig_604,DeepVirFinder_only,,,0.0853402391076088,0.1992408792204849,False
contig_694,DeepVirFinder_only,,,0.061782568693161,0.2208814865171085,False
contig_881,DeepVirFinder_only,,,0.0629208385944366,0.2195407508119948,False
contig_544,DeepVirFinder_only,,,0.0052633071318268,0.3890777249036936,False
contig_1208,DeepVirFinder_only,,,0.6116849184036255,0.0409396480096684,False
contig_139,DeepVirFinder_only,,,0.0002066638844553,0.6138870005287408,False
contig_794,DeepVirFinder_only,,,0.0847764313220977,0.1997129692574968,False
contig_76,DeepVirFinder_only,,,0.0100301234051585,0.3439270337638794,False
contig_80,DeepVirFinder_only,,,0.0191541370004415,0.2976999773396782,False
contig_86,DeepVirFinder_only,,,1.8121439779861248e-06,0.8514238235516277,False
contig_1011,Both,0.593,dsDNAphage,0.0109194573014974,0.3371289372309087,True
contig_178,DeepVirFinder_only,,,0.0659487545490264,0.2163871893647556,False
contig_1109,DeepVirFinder_only,,,0.1627651154994964,0.1598308029307349,False
contig_274,DeepVirFinder_only,,,0.1091670766472816,0.1842850668479492,False
contig_159,DeepVirFinder_only,,,0.0036902958527207,0.4153070473600725,False
contig_331,DeepVirFinder_only,,,0.1307371258735656,0.1735025304025984,False
contig_92,DeepVirFinder_only,,,0.1669618487358093,0.1582068132034141,False
contig_503,DeepVirFinder_only,,,0.0374718345701694,0.2538144874990558,False
contig_317,DeepVirFinder_only,,,0.062650628387928,0.2198617720371629,False
contig_910,DeepVirFinder_only,,,0.2242015302181244,0.1392099101140569,False
contig_763,DeepVirFinder_only,,,0.7753695845603943,0.0272868041392854,False
contig_240,DeepVirFinder_only,,,0.0798523724079132,0.2036596419669159,False
contig_883,DeepVirFinder_only,,,0.0610556565225124,0.2218445501926127,False
contig_832,DeepVirFinder_only,,,0.1114832833409309,0.1829443311428355,False
contig_551,DeepVirFinder_only,,,0.0363487154245376,0.2557783820530251,False
contig_964,DeepVirFinder_only,,,0.0897971242666244,0.1961817357806481,False
contig_450,DeepVirFinder_only,,,0.113257922232151,0.181886849459929,False
contig_1012,DeepVirFinder_only,,,0.0138662252575159,0.3201148122970013,False
contig_692,DeepVirFinder_only,,,0.0008014107588678,0.5242465443009291,False
contig_620,DeepVirFinder_only,,,0.1494753509759903,0.1647971901200997,False
contig_623,DeepVirFinder_only,,,0.3307796120643616,0.1122818944029005,False
contig_154,DeepVirFinder_only,,,0.0425435341894626,0.2454868192461666,False
contig_50,DeepVirFinder_only,,,0.0140782408416271,0.3190195634111337,False
contig_661,DeepVirFinder_only,,,0.1894759982824325,0.1505211874008611,False
contig_578,DeepVirFinder_only,,,0.0633444190025329,0.2188042903542563,False
contig_810,DeepVirFinder_only,,,0.000306171394186,0.5893005514011632,False
contig_98,DeepVirFinder_only,,,0.3272263407707214,0.1131505400710023,False
contig_355,DeepVirFinder_only,,,0.6258822083473206,0.0395800287030742,False
contig_75,DeepVirFinder_only,,,0.0421562269330024,0.2460155600876199,False
contig_901,DeepVirFinder_only,,,0.0009354046196676,0.5135206586600196,False
contig_876,DeepVirFinder_only,,,0.0053105093538761,0.3884734496563184,False
contig_921,DeepVirFinder_only,,,0.0543008744716644,0.2290958531611149,False
contig_155,DeepVirFinder_only,,,0.4849116802215576,0.0718521036332049,False
contig_726,DeepVirFinder_only,,,0.6402316093444824,0.0381448749905582,False
contig_165,DeepVirFinder_only,,,0.0589411333203315,0.2240916987687891,False
contig_885,DeepVirFinder_only,,,0.7972685098648071,0.0255495128030818,False
contig_525,DeepVirFinder_only,,,0.1007807329297065,0.1890437344210288,False
contig_1130,DeepVirFinder_only,,,0.6840083599090576,0.0344248054989047,False
contig_527,DeepVirFinder_only,,,0.0217063594609498,0.2889946370571795,False
contig_462,DeepVirFinder_only,,,0.0663054808974266,0.2159528665307047,False
contig_1169,DeepVirFinder_only,,,0.2935249209403991,0.1208550494750358,False
contig_559,DeepVirFinder_only,,,0.0040396065451204,0.4086600196389455,False
contig_515,DeepVirFinder_only,,,0.3020668029785156,0.1187023189062618,False
contig_181,DeepVirFinder_only,,,0.0867279395461082,0.1983344663494221,False
contig_1121,DeepVirFinder_only,,,0.182468295097351,0.1529949391948032,False
contig_649,DeepVirFinder_only,,,0.2659762501716614,0.1279364000302137,False
contig_338,DeepVirFinder_only,,,0.329506903886795,0.1125840320265881,False
contig_1202,DeepVirFinder_only,,,0.1363676637411117,0.1711609638190195,False
contig_511,DeepVirFinder_only,,,0.0399521961808204,0.2493579575496638,False
contig_567,DeepVirFinder_only,,,0.4214322566986084,0.0914910491728982,False
contig_764,DeepVirFinder_only,,,0.77345871925354,0.0274756401540901,False
contig_950,DeepVirFinder_only,,,0.025921955704689,0.2775511745600121,False
contig_1063,DeepVirFinder_only,,,0.1632065176963806,0.1596419669159302,False
contig_20,DeepVirFinder_only,,,0.0883604809641838,0.1971070322531913,False
contig_884,DeepVirFinder_only,,,0.0030892165377736,0.428185663569756,False
contig_911,DeepVirFinder_only,,,0.0389527566730976,0.2508119948636604,False
contig_196,DeepVirFinder_only,,,0.022760733962059,0.2858788428129012,False
contig_909,DeepVirFinder_only,,,0.1815217733383178,0.1532970768184908,False
contig_445,DeepVirFinder_only,,,0.012975575402379,0.324363622630108,False
contig_1060,Both,0.527,dsDNAphage,0.7027497887611389,0.032763048568623,True
contig_666,DeepVirFinder_only,,,0.1394961327314376,0.1696313920991011,False
contig_1081,DeepVirFinder_only,,,0.0480460375547409,0.2372158017977188,False
contig_8,DeepVirFinder_only,,,0.3022118210792541,0.1186267845003399,False
contig_1141,DeepVirFinder_only,,,0.1802215874195099,0.1537880504569831,False
contig_1170,DeepVirFinder_only,,,0.0299891456961631,0.2678072361960873,False
contig_488,DeepVirFinder_only,,,0.0980067923665046,0.1907054913513105,False
contig_114,DeepVirFinder_only,,,0.076300710439682,0.2067376690082332,False
contig_717,DeepVirFinder_only,,,0.4048562049865722,0.0950978170556688,False
contig_305,DeepVirFinder_only,,,0.0411176308989524,0.2476773170179016,False
contig_1131,DeepVirFinder_only,,,0.0665019303560257,0.2158017977188609,False
contig_862,DeepVirFinder_only,,,0.4642513990402221,0.0796510310446408,False
contig_821,DeepVirFinder_only,,,0.0033251408021897,0.4227094191404185,False
contig_70,DeepVirFinder_only,,,0.0742383301258087,0.2086071455548002,False
contig_234,DeepVirFinder_only,,,0.0232597980648279,0.284594757912229,False
contig_1038,Both,0.693,dsDNAphage,0.6120177507400513,0.0409207644081879,True
contig_117,DeepVirFinder_only,,,0.0241197142750024,0.2822720749301307,False
contig_177,DeepVirFinder_only,,,0.0299863796681165,0.2678072361960873,False
contig_906,DeepVirFinder_only,,,0.0105934394523501,0.3394327366115265,False
contig_573,DeepVirFinder_only,,,0.0056829000823199,0.3835070624669537,False
contig_740,DeepVirFinder_only,,,0.2046237736940384,0.1454792658055744,False
contig_731,DeepVirFinder_only,,,0.0493896827101707,0.2350819548304252,False
contig_1149,DeepVirFinder_only,,,0.0895536914467811,0.1963139209910114,False
contig_598,DeepVirFinder_only,,,0.017977550625801,0.3020620892816678,False
contig_142,DeepVirFinder_only,,,0.0626145452260971,0.2198617720371629,False
contig_147,DeepVirFinder_only,,,0.0037780804559588,0.4133620364075837,False
contig_172,DeepVirFinder_only,,,0.1745648831129074,0.1554875745902258,False
contig_16,DeepVirFinder_only,,,0.1408603489398956,0.1689138152428431,False
contig_520,DeepVirFinder_only,,,0.0141390291973948,0.3186418913815242,False
contig_905,DeepVirFinder_only,,,0.3861386179924011,0.0997431830198655,False
contig_1204,DeepVirFinder_only,,,0.193502277135849,0.1488783140720598,False
contig_239,DeepVirFinder_only,,,0.4122979640960693,0.0933416421179847,False
contig_57,DeepVirFinder_only,,,0.0820612907409668,0.2019223506307123,False
contig_809,DeepVirFinder_only,,,0.3673626780509949,0.1041997129692575,False
contig_733,DeepVirFinder_only,,,0.0059630796313285,0.379938061787144,False
contig_869,DeepVirFinder_only,,,0.0077593033201992,0.3618853387718105,False
contig_303,DeepVirFinder_only,,,0.0136155523359775,0.3211911775813883,False
contig_609,DeepVirFinder_only,,,0.0066588944755494,0.37221466878163,False
contig_601,DeepVirFinder_only,,,0.2860496640205383,0.1230833144497318,False
contig_654,DeepVirFinder_only,,,0.0216147862374782,0.2894478434927109,False
contig_1167,DeepVirFinder_only,,,0.2825118899345398,0.1240086109222751,False
contig_380,DeepVirFinder_only,,,0.0124820284545421,0.3270262104388549,False
contig_298,DeepVirFinder_only,,,0.0179537273943424,0.3022131580935115,False
contig_1120,DeepVirFinder_only,,,0.0490977354347705,0.235591812070398,False
contig_283,DeepVirFinder_only,,,0.6062582731246948,0.0416194576629654,False
contig_1030,Both,0.547,dsDNAphage,0.0617861934006214,0.2208814865171085,True
contig_371,DeepVirFinder_only,,,0.0393591150641441,0.250358788428129,False
contig_7,DeepVirFinder_only,,,0.0548886582255363,0.2284915779137397,False
contig_923,DeepVirFinder_only,,,0.209669828414917,0.143949694085656,False
contig_501,DeepVirFinder_only,,,0.0076461713761091,0.3629239368532366,False
contig_156,DeepVirFinder_only,,,0.0217742156237363,0.2888435682453357,False
contig_653,DeepVirFinder_only,,,0.4004817306995392,0.096457436362263,False
contig_32,DeepVirFinder_only,,,0.0273243449628353,0.2740388246846438,False
contig_545,DeepVirFinder_only,,,0.045996107161045,0.2400861092227509,False
contig_994,DeepVirFinder_only,,,0.0674796402454376,0.2147820832389153,False
contig_1103,DeepVirFinder_only,,,0.1078328192234039,0.1850592945086487,False
contig_755,DeepVirFinder_only,,,0.484962910413742,0.0718521036332049,False
contig_586,DeepVirFinder_only,,,0.0850483477115631,0.1994863660397311,False
contig_820,DeepVirFinder_only,,,0.0350065939128398,0.2584032026588111,False
contig_436,DeepVirFinder_only,,,0.0624175742268562,0.2200883752549286,False
contig_1031,DeepVirFinder_only,,,0.0560790449380874,0.2272263766145479,False
contig_1111,DeepVirFinder_only,,,0.074819803237915,0.2081917063222297,False
contig_548,DeepVirFinder_only,,,0.1397996842861175,0.1694614396857768,False
contig_1046,DeepVirFinder_only,,,0.067604474723339,0.214649898028552,False
contig_1199,DeepVirFinder_only,,,0.1273083388805389,0.1750321021225168,False
contig_143,DeepVirFinder_only,,,0.0610101781785488,0.2219012009970541,False
contig_1067,DeepVirFinder_only,,,0.2726344466209411,0.1265767807236196,False
contig_710,DeepVirFinder_only,,,0.0600163862109184,0.2229020318755193,False
contig_308,DeepVirFinder_only,,,0.8774921894073486,0.0195445275322909,False
contig_430,DeepVirFinder_only,,,0.8299870491027832,0.0229624594002568,False
contig_529,DeepVirFinder_only,,,0.0841097384691238,0.2003172445048719,False
contig_351,DeepVirFinder_only,,,0.0445097908377647,0.2421255381826421,False
contig_636,DeepVirFinder_only,,,0.0682676285505294,0.213894553969333,False
contig_256,DeepVirFinder_only,,,0.0111890062689781,0.3353349950902636,False
contig_306,DeepVirFinder_only,,,0.0754972621798515,0.2075307802704131,False
contig_979,DeepVirFinder_only,,,0.3414286971092224,0.1096004229926731,False
contig_89,DeepVirFinder_only,,,0.1126936227083206,0.1823589394969408,False
contig_865,DeepVirFinder_only,,,0.1800048351287841,0.153863584862905,False
contig_662,DeepVirFinder_only,,,0.0001688798220129,0.625915854671803,False
contig_432,DeepVirFinder_only,,,0.2391688823699951,0.1352443538031573,False
contig_852,DeepVirFinder_only,,,0.1535113155841827,0.1632676184001812,False
contig_844,DeepVirFinder_only,,,0.0004901296924799,0.5572361960873178,False
contig_777,DeepVirFinder_only,,,0.5089349746704102,0.0575194501095248,False
contig_1105,DeepVirFinder_only,,,0.6888480186462402,0.0340471334692952,False
contig_1157,DeepVirFinder_only,,,0.1091286763548851,0.1843039504494297,False
contig_87,DeepVirFinder_only,,,0.8443233966827393,0.0219427449203112,False
contig_337,DeepVirFinder_only,,,0.0324656404554843,0.2628219654052421,False
contig_619,DeepVirFinder_only,,,0.0788135603070259,0.2046415892439006,False
contig_948,DeepVirFinder_only,,,0.0045099211856722,0.4002945841830954,False
contig_1128,DeepVirFinder_only,,,0.0259996429085731,0.2773812221466878,False
contig_1074,DeepVirFinder_only,,,0.0197489634156227,0.2954150615605408,False
contig_215,DeepVirFinder_only,,,0.066455990076065,0.2158773321247828,False
contig_523,DeepVirFinder_only,,,0.4913206696510315,0.0685663569756023,False
contig_1124,DeepVirFinder_only,,,0.1078443974256515,0.1850404109071682,False
contig_3,DeepVirFinder_only,,,0.0597644224762916,0.2231286350932849,False
contig_830,DeepVirFinder_only,,,0.0360054895281791,0.2565337261122441,False
contig_1177,DeepVirFinder_only,,,0.098150610923767,0.1906299569453886,False
contig_444,DeepVirFinder_only,,,0.0019373168470337,0.4616662889946371,False
contig_1137,DeepVirFinder_only,,,0.0298680253326892,0.2680904902182944,False
contig_1058,DeepVirFinder_only,,,0.0767640545964241,0.2061900445652995,False
contig_899,DeepVirFinder_only,,,0.3013113439083099,0.118872271319586,False
contig_126,DeepVirFinder_only,,,0.0362559482455253,0.2560238688722713,False
contig_1042,DeepVirFinder_only,,,9.418230911251158e-05,0.6621912531157943,False
contig_693,DeepVirFinder_only,,,0.0407486483454704,0.2482815922652768,False
contig_1146,DeepVirFinder_only,,,0.0755559429526329,0.2075118966689327,False
contig_40,DeepVirFinder_only,,,0.032327190041542,0.2629919178185663,False
contig_949,DeepVirFinder_only,,,0.0575737580657005,0.2255079688798247,False
contig_991,DeepVirFinder_only,,,0.005518015474081,0.3859808142608958,False
contig_269,DeepVirFinder_only,,,0.0356156006455421,0.2571568849610998,False
contig_895,DeepVirFinder_only,,,0.0001515421608928,0.6325439987914495,False
contig_232,DeepVirFinder_only,,,0.0638109967112541,0.2182377823098421,False
contig_546,DeepVirFinder_only,,,0.0826209932565689,0.2015635622025832,False
contig_105,DeepVirFinder_only,,,0.1708307266235351,0.1569227283027419,False
contig_746,Both,0.94,dsDNAphage,0.0165846534073352,0.3080104237480172,True
contig_535,DeepVirFinder_only,,,0.0192771814763546,0.2973789561145101,False
contig_969,DeepVirFinder_only,,,1.4773482881480504e-08,0.960344436891004,False
contig_424,DeepVirFinder_only,,,0.0009636025060899,0.5116134149104917,False
contig_134,DeepVirFinder_only,,,0.0371476635336875,0.25438099554347,False
contig_499,DeepVirFinder_only,,,0.1848978549242019,0.1521451771281818,False
contig_739,DeepVirFinder_only,,,0.0004390378016978,0.5649595890928318,False
contig_342,DeepVirFinder_only,,,0.0841360390186309,0.2002983609033914,False
contig_1107,DeepVirFinder_only,,,0.1409045755863189,0.1688949316413626,False
contig_180,DeepVirFinder_only,,,0.3680181503295898,0.1040675277588941,False
contig_1201,DeepVirFinder_only,,,0.1057421714067459,0.1864944482211647,False
contig_348,DeepVirFinder_only,,,0.222197413444519,0.1398141853614321,False
contig_1086,Both,1.0,dsDNAphage,0.7004739046096802,0.0329330009819472,True
contig_995,DeepVirFinder_only,,,0.0922955423593521,0.1944255608429639,False
contig_924,DeepVirFinder_only,,,0.3089014589786529,0.117078329178941,False
contig_1209,DeepVirFinder_only,,,0.2816208600997925,0.1241974469370798,False
contig_904,DeepVirFinder_only,,,0.0659927204251289,0.2163683057632751,False
contig_1178,DeepVirFinder_only,,,0.3879907727241516,0.099403278193217,False
contig_315,DeepVirFinder_only,,,0.1703778058290481,0.1570171463101442,False
contig_108,DeepVirFinder_only,,,0.0423000678420066,0.2458078404713347,False
contig_217,DeepVirFinder_only,,,0.1100533902645111,0.1837940932094569,False
contig_150,DeepVirFinder_only,,,0.0655951425433158,0.2166515597854822,False
contig_245,DeepVirFinder_only,,,0.1320583224296569,0.1729171387567036,False
contig_412,DeepVirFinder_only,,,0.0480798557400703,0.2371780345947579,False
contig_743,DeepVirFinder_only,,,0.0812874287366867,0.2024888586751265,False
contig_344,DeepVirFinder_only,,,0.1070718020200729,0.1856824533575043,False
contig_433,DeepVirFinder_only,,,0.1959869116544723,0.1479907848024775,False
contig_926,DeepVirFinder_only,,,0.0243782419711351,0.2813278948561069,False
contig_732,DeepVirFinder_only,,,1.3566191228164826e-06,0.8616209683510839,False
contig_1061,DeepVirFinder_only,,,0.0325507782399654,0.2627086637963592,False
contig_956,DeepVirFinder_only,,,0.2404394447803497,0.1349233325779892,False
contig_197,DeepVirFinder_only,,,0.01576460711658,0.3115605408263464,False
contig_1083,DeepVirFinder_only,,,0.1418648362159729,0.1681773547851046,False
contig_185,DeepVirFinder_only,,,0.5858899354934692,0.0439043734421028,False
contig_275,DeepVirFinder_only,,,0.0295947194099426,0.2686758818641891,False
contig_975,DeepVirFinder_only,,,0.0476324968039989,0.2376501246317697,False
contig_152,DeepVirFinder_only,,,0.1475652903318405,0.165646952186721,False
contig_218,DeepVirFinder_only,,,0.0284565947949886,0.2711685172596118,False
contig_728,DeepVirFinder_only,,,0.0008929647738113,0.516523151295415,False
contig_775,DeepVirFinder_only,,,0.0042279041372239,0.4050910189591359,False
contig_1122,DeepVirFinder_only,,,0.0066635077819228,0.3721580179771886,False
contig_466,DeepVirFinder_only,,,0.0413755737245082,0.2472241105823702,False
contig_748,DeepVirFinder_only,,,0.0375099964439868,0.2537200694916534,False
contig_5,DeepVirFinder_only,,,0.0019898195751011,0.4597212780421482,False
contig_23,DeepVirFinder_only,,,0.1336128711700439,0.1722750963063675,False
contig_429,DeepVirFinder_only,,,0.23650723695755,0.1359241634564544,False
contig_401,DeepVirFinder_only,,,0.3200330138206482,0.1145290429790769,False
contig_1197,DeepVirFinder_only,,,0.1678421646356582,0.1579802099856484,False
contig_703,DeepVirFinder_only,,,0.0372237525880336,0.2542299267316262,False
contig_1039,DeepVirFinder_only,,,0.3440455496311188,0.1090150313467784,False
contig_403,DeepVirFinder_only,,,0.0098649952560663,0.3450789334541884,False
contig_988,DeepVirFinder_only,,,0.0148358875885605,0.3152806103179998,False
contig_109,DeepVirFinder_only,,,0.0659184902906417,0.2164249565677166,False
contig_219,DeepVirFinder_only,,,0.0002596260455902,0.5994410453961779,False
contig_840,DeepVirFinder_only,,,0.14558807015419,0.1667044338696276,False
contig_970,DeepVirFinder_only,,,0.159535139799118,0.1609638190195634,False
contig_808,DeepVirFinder_only,,,0.0330019034445285,0.2619910869401012,False
contig_791,DeepVirFinder_only,,,0.0248184166848659,0.2802704131732004,False
contig_47,DeepVirFinder_only,,,0.0314381420612335,0.2648613943651333,False
contig_864,DeepVirFinder_only,,,0.0483206026256084,0.2367814789636679,False
contig_1191,DeepVirFinder_only,,,0.0118854586035013,0.3307273963290278,False
contig_1190,DeepVirFinder_only,,,0.2710500657558441,0.1268411511443462,False
contig_391,DeepVirFinder_only,,,0.2536526322364807,0.1312787974922577,False
contig_913,DeepVirFinder_only,,,0.2363828122615814,0.1360374650653372,False
contig_233,DeepVirFinder_only,,,0.0710797160863876,0.2115907545887151,False
contig_299,DeepVirFinder_only,,,0.1929211318492889,0.149086033688345,False
contig_725,DeepVirFinder_only,,,0.010773891583085,0.3382808369212176,False
contig_481,DeepVirFinder_only,,,0.0298517756164073,0.2680904902182944,False
contig_500,DeepVirFinder_only,,,0.0051317154429852,0.3910793866606239,False
contig_456,DeepVirFinder_only,,,0.0095305163413286,0.3476471032555329,False
contig_208,DeepVirFinder_only,,,0.0289484653621912,0.2700921519752247,False
contig_386,DeepVirFinder_only,,,0.4693201184272766,0.0777437872951129,False
contig_10,DeepVirFinder_only,,,0.1753310710191726,0.1553176221769015,False
contig_595,DeepVirFinder_only,,,0.1036198288202285,0.1877029987159151,False
contig_990,DeepVirFinder_only,,,0.8889671564102173,0.0185814638567867,False
contig_633,DeepVirFinder_only,,,0.0212249867618083,0.2905053251756175,False
contig_334,DeepVirFinder_only,,,0.0596582889556884,0.2233363547095702,False
contig_644,DeepVirFinder_only,,,0.1711389124393463,0.1567905430923785,False
contig_411,DeepVirFinder_only,,,0.3442032039165497,0.1089961477452979,False
contig_479,DeepVirFinder_only,,,0.0248826965689659,0.2800815771583956,False
contig_1080,DeepVirFinder_only,,,0.5971896648406982,0.0427335901503134,False
contig_409,DeepVirFinder_only,,,0.0463653728365898,0.2395762519827781,False
contig_553,DeepVirFinder_only,,,0.3405795991420746,0.1099403278193217,False
contig_833,DeepVirFinder_only,,,0.111160933971405,0.1831709343606012,False
contig_891,DeepVirFinder_only,,,0.0067066391929984,0.3718181131505401,False
contig_568,DeepVirFinder_only,,,0.0063210562802851,0.3757647858599592,False
contig_1006,DeepVirFinder_only,,,0.1185187250375747,0.1794319812674673,False
contig_681,DeepVirFinder_only,,,0.1373170316219329,0.1708021753908905,False
contig_902,DeepVirFinder_only,,,0.5278857946395874,0.0528552005438477,False
contig_1132,DeepVirFinder_only,,,0.1684669107198715,0.1577347231664023,False
contig_292,DeepVirFinder_only,,,0.0665363743901252,0.2157829141173804,False
contig_689,DeepVirFinder_only,,,0.2493856847286224,0.1325062315884885,False
contig_738,DeepVirFinder_only,,,0.0366861373186111,0.2553062920160133,False
contig_15,DeepVirFinder_only,,,0.0452959463000297,0.2410302892967746,False
contig_863,DeepVirFinder_only,,,0.2168121337890625,0.1411549210665458,False
contig_509,DeepVirFinder_only,,,0.0994235798716545,0.1899879144950525,False
contig_1180,DeepVirFinder_only,,,0.0359099581837654,0.2567225621270488,False
contig_700,DeepVirFinder_only,,,0.1883022785186767,0.1509743938363924,False
contig_321,DeepVirFinder_only,,,0.0196879282593727,0.2957171991842284,False
contig_665,DeepVirFinder_only,,,0.003579452401027,0.4174408943273661,False
